municipio,estado
ALTA FLORESTA D'OESTE,Rondônia
ARIQUEMES,Rondônia
CABIXI,Rondônia
CACOAL,Rondônia
CEREJEIRAS,Rondônia
COLORADO DO OESTE,Rondônia
CORUMBIARA,Rondônia
COSTA MARQUES,Rondônia
ESPIGÃO D'OESTE,Rondônia
GUAJARÁ-MIRIM,Rondônia
JARU,Rondônia
JI-PARANÁ,Rondônia
MACHADINHO D'OESTE,Rondônia
NOVA BRASILÂNDIA D'OESTE,Rondônia
OURO PRETO DO OESTE,Rondônia
PIMENTA BUENO,Rondônia
PORTO VELHO,Rondônia
PRESIDENTE MÉDICI,Rondônia
RIO CRESPO,Rondônia
ROLIM DE MOURA,Rondônia
SANTA LUZIA D'OESTE,Rondônia
VILHENA,Rondônia
SÃO MIGUEL DO GUAPORÉ,Rondônia
NOVA MAMORÉ,Rondônia
ALVORADA D'OESTE,Rondônia
ALTO ALEGRE DOS PARECIS,Rondônia
ALTO PARAÍSO,Rondônia
BURITIS,Rondônia
NOVO HORIZONTE DO OESTE,Rondônia
CACAULÂNDIA,Rondônia
CAMPO NOVO DE RONDÔNIA,Rondônia
CANDEIAS DO JAMARI,Rondônia
CASTANHEIRAS,Rondônia
CHUPINGUAIA,Rondônia
CUJUBIM,Rondônia
GOVERNADOR JORGE TEIXEIRA,Rondônia
ITAPUÃ DO OESTE,Rondônia
MINISTRO ANDREAZZA,Rondônia
MIRANTE DA SERRA,Rondônia
MONTE NEGRO,Rondônia
NOVA UNIÃO,Rondônia
PARECIS,Rondônia
PIMENTEIRAS DO OESTE,Rondônia
PRIMAVERA DE RONDÔNIA,Rondônia
SÃO FELIPE D'OESTE,Rondônia
SÃO FRANCISCO DO GUAPORÉ,Rondônia
SERINGUEIRAS,Rondônia
TEIXEIRÓPOLIS,Rondônia
THEOBROMA,Rondônia
URUPÁ,Rondônia
VALE DO ANARI,Rondônia
VALE DO PARAÍSO,Rondônia
ACRELÂNDIA,Acre
ASSIS BRASIL,Acre
BRASILÉIA,Acre
BUJARI,Acre
CAPIXABA,Acre
CRUZEIRO DO SUL,Acre
EPITACIOLÂNDIA,Acre
FEIJÓ,Acre
JORDÃO,Acre
MÂNCIO LIMA,Acre
MANOEL URBANO,Acre
MARECHAL THAUMATURGO,Acre
PLÁCIDO DE CASTRO,Acre
PORTO WALTER,Acre
RIO BRANCO,Acre
RODRIGUES ALVES,Acre
SANTA ROSA DO PURUS,Acre
SENADOR GUIOMARD,Acre
SENA MADUREIRA,Acre
TARAUACÁ,Acre
XAPURI,Acre
PORTO ACRE,Acre
ALVARÃES,Amazonas
AMATURÁ,Amazonas
ANAMÃ,Amazonas
ANORI,Amazonas
APUÍ,Amazonas
ATALAIA DO NORTE,Amazonas
AUTAZES,Amazonas
BARCELOS,Amazonas
BARREIRINHA,Amazonas
BENJAMIN CONSTANT,Amazonas
BERURI,Amazonas
BOA VISTA DO RAMOS,Amazonas
BOCA DO ACRE,Amazonas
BORBA,Amazonas
CAAPIRANGA,Amazonas
CANUTAMA,Amazonas
CARAUARI,Amazonas
CAREIRO,Amazonas
CAREIRO DA VÁRZEA,Amazonas
COARI,Amazonas
CODAJÁS,Amazonas
EIRUNEPÉ,Amazonas
ENVIRA,Amazonas
FONTE BOA,Amazonas
GUAJARÁ,Amazonas
HUMAITÁ,Amazonas
IPIXUNA,Amazonas
IRANDUBA,Amazonas
ITACOATIARA,Amazonas
ITAMARATI,Amazonas
ITAPIRANGA,Amazonas
JAPURÁ,Amazonas
JURUÁ,Amazonas
JUTAÍ,Amazonas
LÁBREA,Amazonas
MANACAPURU,Amazonas
MANAQUIRI,Amazonas
MANAUS,Amazonas
MANICORÉ,Amazonas
MARAÃ,Amazonas
MAUÉS,Amazonas
NHAMUNDÁ,Amazonas
NOVA OLINDA DO NORTE,Amazonas
NOVO AIRÃO,Amazonas
NOVO ARIPUANÃ,Amazonas
PARINTINS,Amazonas
PAUINI,Amazonas
PRESIDENTE FIGUEIREDO,Amazonas
RIO PRETO DA EVA,Amazonas
SANTA ISABEL DO RIO NEGRO,Amazonas
SANTO ANTÔNIO DO IÇÁ,Amazonas
SÃO GABRIEL DA CACHOEIRA,Amazonas
SÃO PAULO DE OLIVENÇA,Amazonas
SÃO SEBASTIÃO DO UATUMÃ,Amazonas
SILVES,Amazonas
TABATINGA,Amazonas
TAPAUÁ,Amazonas
TEFÉ,Amazonas
TONANTINS,Amazonas
UARINI,Amazonas
URUCARÁ,Amazonas
URUCURITUBA,Amazonas
AMAJARI,Roraima
ALTO ALEGRE,Roraima
BOA VISTA,Roraima
BONFIM,Roraima
CANTÁ,Roraima
CARACARAÍ,Roraima
CAROEBE,Roraima
IRACEMA,Roraima
MUCAJAÍ,Roraima
NORMANDIA,Roraima
PACARAIMA,Roraima
RORAINÓPOLIS,Roraima
SÃO JOÃO DA BALIZA,Roraima
SÃO LUIZ,Roraima
UIRAMUTÃ,Roraima
ABAETETUBA,Pará
ABEL FIGUEIREDO,Pará
ACARÁ,Pará
AFUÁ,Pará
ÁGUA AZUL DO NORTE,Pará
ALENQUER,Pará
ALMEIRIM,Pará
ALTAMIRA,Pará
ANAJÁS,Pará
ANANINDEUA,Pará
ANAPU,Pará
AUGUSTO CORRÊA,Pará
AURORA DO PARÁ,Pará
AVEIRO,Pará
BAGRE,Pará
BAIÃO,Pará
BANNACH,Pará
BARCARENA,Pará
BELÉM,Pará
BELTERRA,Pará
BENEVIDES,Pará
BOM JESUS DO TOCANTINS,Pará
BONITO,Pará
BRAGANÇA,Pará
BRASIL NOVO,Pará
BREJO GRANDE DO ARAGUAIA,Pará
BREU BRANCO,Pará
BREVES,Pará
BUJARU,Pará
CACHOEIRA DO PIRIÁ,Pará
CACHOEIRA DO ARARI,Pará
CAMETÁ,Pará
CANAÃ DOS CARAJÁS,Pará
CAPANEMA,Pará
CAPITÃO POÇO,Pará
CASTANHAL,Pará
CHAVES,Pará
COLARES,Pará
CONCEIÇÃO DO ARAGUAIA,Pará
CONCÓRDIA DO PARÁ,Pará
CUMARU DO NORTE,Pará
CURIONÓPOLIS,Pará
CURRALINHO,Pará
CURUÁ,Pará
CURUÇÁ,Pará
DOM ELISEU,Pará
ELDORADO DO CARAJÁS,Pará
FARO,Pará
FLORESTA DO ARAGUAIA,Pará
GARRAFÃO DO NORTE,Pará
GOIANÉSIA DO PARÁ,Pará
GURUPÁ,Pará
IGARAPÉ-AÇU,Pará
IGARAPÉ-MIRI,Pará
INHANGAPI,Pará
IPIXUNA DO PARÁ,Pará
IRITUIA,Pará
ITAITUBA,Pará
ITUPIRANGA,Pará
JACAREACANGA,Pará
JACUNDÁ,Pará
JURUTI,Pará
LIMOEIRO DO AJURU,Pará
MÃE DO RIO,Pará
MAGALHÃES BARATA,Pará
MARABÁ,Pará
MARACANÃ,Pará
MARAPANIM,Pará
MARITUBA,Pará
MEDICILÂNDIA,Pará
MELGAÇO,Pará
MOCAJUBA,Pará
MOJU,Pará
MOJUÍ DOS CAMPOS,Pará
MONTE ALEGRE,Pará
MUANÁ,Pará
NOVA ESPERANÇA DO PIRIÁ,Pará
NOVA IPIXUNA,Pará
NOVA TIMBOTEUA,Pará
NOVO PROGRESSO,Pará
NOVO REPARTIMENTO,Pará
ÓBIDOS,Pará
OEIRAS DO PARÁ,Pará
ORIXIMINÁ,Pará
OURÉM,Pará
OURILÂNDIA DO NORTE,Pará
PACAJÁ,Pará
PALESTINA DO PARÁ,Pará
PARAGOMINAS,Pará
PARAUAPEBAS,Pará
PAU D'ARCO,Pará
PEIXE-BOI,Pará
PIÇARRA,Pará
PLACAS,Pará
PONTA DE PEDRAS,Pará
PORTEL,Pará
PORTO DE MOZ,Pará
PRAINHA,Pará
PRIMAVERA,Pará
QUATIPURU,Pará
REDENÇÃO,Pará
RIO MARIA,Pará
RONDON DO PARÁ,Pará
RURÓPOLIS,Pará
SALINÓPOLIS,Pará
SALVATERRA,Pará
SANTA BÁRBARA DO PARÁ,Pará
SANTA CRUZ DO ARARI,Pará
SANTA IZABEL DO PARÁ,Pará
SANTA LUZIA DO PARÁ,Pará
SANTA MARIA DAS BARREIRAS,Pará
SANTA MARIA DO PARÁ,Pará
SANTANA DO ARAGUAIA,Pará
SANTARÉM,Pará
SANTARÉM NOVO,Pará
SANTO ANTÔNIO DO TAUÁ,Pará
SÃO CAETANO DE ODIVELAS,Pará
SÃO DOMINGOS DO ARAGUAIA,Pará
SÃO DOMINGOS DO CAPIM,Pará
SÃO FÉLIX DO XINGU,Pará
SÃO FRANCISCO DO PARÁ,Pará
SÃO GERALDO DO ARAGUAIA,Pará
SÃO JOÃO DA PONTA,Pará
SÃO JOÃO DE PIRABAS,Pará
SÃO JOÃO DO ARAGUAIA,Pará
SÃO MIGUEL DO GUAMÁ,Pará
SÃO SEBASTIÃO DA BOA VISTA,Pará
SAPUCAIA,Pará
SENADOR JOSÉ PORFÍRIO,Pará
SOURE,Pará
TAILÂNDIA,Pará
TERRA ALTA,Pará
TERRA SANTA,Pará
TOMÉ-AÇU,Pará
TRACUATEUA,Pará
TRAIRÃO,Pará
TUCUMÃ,Pará
TUCURUÍ,Pará
ULIANÓPOLIS,Pará
URUARÁ,Pará
VIGIA,Pará
VISEU,Pará
VITÓRIA DO XINGU,Pará
XINGUARA,Pará
SERRA DO NAVIO,Amapá
AMAPÁ,Amapá
PEDRA BRANCA DO AMAPARI,Amapá
CALÇOENE,Amapá
CUTIAS,Amapá
FERREIRA GOMES,Amapá
ITAUBAL,Amapá
LARANJAL DO JARI,Amapá
MACAPÁ,Amapá
MAZAGÃO,Amapá
OIAPOQUE,Amapá
PORTO GRANDE,Amapá
PRACUÚBA,Amapá
SANTANA,Amapá
TARTARUGALZINHO,Amapá
VITÓRIA DO JARI,Amapá
ABREULÂNDIA,Tocantins
AGUIARNÓPOLIS,Tocantins
ALIANÇA DO TOCANTINS,Tocantins
ALMAS,Tocantins
ALVORADA,Tocantins
ANANÁS,Tocantins
ANGICO,Tocantins
APARECIDA DO RIO NEGRO,Tocantins
ARAGOMINAS,Tocantins
ARAGUACEMA,Tocantins
ARAGUAÇU,Tocantins
ARAGUAÍNA,Tocantins
ARAGUANÃ,Tocantins
ARAGUATINS,Tocantins
ARAPOEMA,Tocantins
ARRAIAS,Tocantins
AUGUSTINÓPOLIS,Tocantins
AURORA DO TOCANTINS,Tocantins
AXIXÁ DO TOCANTINS,Tocantins
BABAÇULÂNDIA,Tocantins
BANDEIRANTES DO TOCANTINS,Tocantins
BARRA DO OURO,Tocantins
BARROLÂNDIA,Tocantins
BERNARDO SAYÃO,Tocantins
BOM JESUS DO TOCANTINS,Tocantins
BRASILÂNDIA DO TOCANTINS,Tocantins
BREJINHO DE NAZARÉ,Tocantins
BURITI DO TOCANTINS,Tocantins
CACHOEIRINHA,Tocantins
CAMPOS LINDOS,Tocantins
CARIRI DO TOCANTINS,Tocantins
CARMOLÂNDIA,Tocantins
CARRASCO BONITO,Tocantins
CASEARA,Tocantins
CENTENÁRIO,Tocantins
CHAPADA DE AREIA,Tocantins
CHAPADA DA NATIVIDADE,Tocantins
COLINAS DO TOCANTINS,Tocantins
COMBINADO,Tocantins
CONCEIÇÃO DO TOCANTINS,Tocantins
COUTO MAGALHÃES,Tocantins
CRISTALÂNDIA,Tocantins
CRIXÁS DO TOCANTINS,Tocantins
DARCINÓPOLIS,Tocantins
DIANÓPOLIS,Tocantins
DIVINÓPOLIS DO TOCANTINS,Tocantins
DOIS IRMÃOS DO TOCANTINS,Tocantins
DUERÉ,Tocantins
ESPERANTINA,Tocantins
FÁTIMA,Tocantins
FIGUEIRÓPOLIS,Tocantins
FILADÉLFIA,Tocantins
FORMOSO DO ARAGUAIA,Tocantins
TABOCÃO,Tocantins
GOIANORTE,Tocantins
GOIATINS,Tocantins
GUARAÍ,Tocantins
GURUPI,Tocantins
IPUEIRAS,Tocantins
ITACAJÁ,Tocantins
ITAGUATINS,Tocantins
ITAPIRATINS,Tocantins
ITAPORÃ DO TOCANTINS,Tocantins
JAÚ DO TOCANTINS,Tocantins
JUARINA,Tocantins
LAGOA DA CONFUSÃO,Tocantins
LAGOA DO TOCANTINS,Tocantins
LAJEADO,Tocantins
LAVANDEIRA,Tocantins
LIZARDA,Tocantins
LUZINÓPOLIS,Tocantins
MARIANÓPOLIS DO TOCANTINS,Tocantins
MATEIROS,Tocantins
MAURILÂNDIA DO TOCANTINS,Tocantins
MIRACEMA DO TOCANTINS,Tocantins
MIRANORTE,Tocantins
MONTE DO CARMO,Tocantins
MONTE SANTO DO TOCANTINS,Tocantins
PALMEIRAS DO TOCANTINS,Tocantins
MURICILÂNDIA,Tocantins
NATIVIDADE,Tocantins
NAZARÉ,Tocantins
NOVA OLINDA,Tocantins
NOVA ROSALÂNDIA,Tocantins
NOVO ACORDO,Tocantins
NOVO ALEGRE,Tocantins
NOVO JARDIM,Tocantins
OLIVEIRA DE FÁTIMA,Tocantins
PALMEIRANTE,Tocantins
PALMEIRÓPOLIS,Tocantins
PARAÍSO DO TOCANTINS,Tocantins
PARANÃ,Tocantins
PAU D'ARCO,Tocantins
PEDRO AFONSO,Tocantins
PEIXE,Tocantins
PEQUIZEIRO,Tocantins
COLMÉIA,Tocantins
PINDORAMA DO TOCANTINS,Tocantins
PIRAQUÊ,Tocantins
PIUM,Tocantins
PONTE ALTA DO BOM JESUS,Tocantins
PONTE ALTA DO TOCANTINS,Tocantins
PORTO ALEGRE DO TOCANTINS,Tocantins
PORTO NACIONAL,Tocantins
PRAIA NORTE,Tocantins
PRESIDENTE KENNEDY,Tocantins
PUGMIL,Tocantins
RECURSOLÂNDIA,Tocantins
RIACHINHO,Tocantins
RIO DA CONCEIÇÃO,Tocantins
RIO DOS BOIS,Tocantins
RIO SONO,Tocantins
SAMPAIO,Tocantins
SANDOLÂNDIA,Tocantins
SANTA FÉ DO ARAGUAIA,Tocantins
SANTA MARIA DO TOCANTINS,Tocantins
SANTA RITA DO TOCANTINS,Tocantins
SANTA ROSA DO TOCANTINS,Tocantins
SANTA TEREZA DO TOCANTINS,Tocantins
SANTA TEREZINHA DO TOCANTINS,Tocantins
SÃO BENTO DO TOCANTINS,Tocantins
SÃO FÉLIX DO TOCANTINS,Tocantins
SÃO MIGUEL DO TOCANTINS,Tocantins
SÃO SALVADOR DO TOCANTINS,Tocantins
SÃO SEBASTIÃO DO TOCANTINS,Tocantins
SÃO VALÉRIO,Tocantins
SILVANÓPOLIS,Tocantins
SÍTIO NOVO DO TOCANTINS,Tocantins
SUCUPIRA,Tocantins
TAGUATINGA,Tocantins
TAIPAS DO TOCANTINS,Tocantins
TALISMÃ,Tocantins
PALMAS,Tocantins
TOCANTÍNIA,Tocantins
TOCANTINÓPOLIS,Tocantins
TUPIRAMA,Tocantins
TUPIRATINS,Tocantins
WANDERLÂNDIA,Tocantins
XAMBIOÁ,Tocantins
AÇAILÂNDIA,Maranhão
AFONSO CUNHA,Maranhão
ÁGUA DOCE DO MARANHÃO,Maranhão
ALCÂNTARA,Maranhão
ALDEIAS ALTAS,Maranhão
ALTAMIRA DO MARANHÃO,Maranhão
ALTO ALEGRE DO MARANHÃO,Maranhão
ALTO ALEGRE DO PINDARÉ,Maranhão
ALTO PARNAÍBA,Maranhão
AMAPÁ DO MARANHÃO,Maranhão
AMARANTE DO MARANHÃO,Maranhão
ANAJATUBA,Maranhão
ANAPURUS,Maranhão
APICUM-AÇU,Maranhão
ARAGUANÃ,Maranhão
ARAIOSES,Maranhão
ARAME,Maranhão
ARARI,Maranhão
AXIXÁ,Maranhão
BACABAL,Maranhão
BACABEIRA,Maranhão
BACURI,Maranhão
BACURITUBA,Maranhão
BALSAS,Maranhão
BARÃO DE GRAJAÚ,Maranhão
BARRA DO CORDA,Maranhão
BARREIRINHAS,Maranhão
BELÁGUA,Maranhão
BELA VISTA DO MARANHÃO,Maranhão
BENEDITO LEITE,Maranhão
BEQUIMÃO,Maranhão
BERNARDO DO MEARIM,Maranhão
BOA VISTA DO GURUPI,Maranhão
BOM JARDIM,Maranhão
BOM JESUS DAS SELVAS,Maranhão
BOM LUGAR,Maranhão
BREJO,Maranhão
BREJO DE AREIA,Maranhão
BURITI,Maranhão
BURITI BRAVO,Maranhão
BURITICUPU,Maranhão
BURITIRANA,Maranhão
CACHOEIRA GRANDE,Maranhão
CAJAPIÓ,Maranhão
CAJARI,Maranhão
CAMPESTRE DO MARANHÃO,Maranhão
CÂNDIDO MENDES,Maranhão
CANTANHEDE,Maranhão
CAPINZAL DO NORTE,Maranhão
CAROLINA,Maranhão
CARUTAPERA,Maranhão
CAXIAS,Maranhão
CEDRAL,Maranhão
CENTRAL DO MARANHÃO,Maranhão
CENTRO DO GUILHERME,Maranhão
CENTRO NOVO DO MARANHÃO,Maranhão
CHAPADINHA,Maranhão
CIDELÂNDIA,Maranhão
CODÓ,Maranhão
COELHO NETO,Maranhão
COLINAS,Maranhão
CONCEIÇÃO DO LAGO-AÇU,Maranhão
COROATÁ,Maranhão
CURURUPU,Maranhão
DAVINÓPOLIS,Maranhão
DOM PEDRO,Maranhão
DUQUE BACELAR,Maranhão
ESPERANTINÓPOLIS,Maranhão
ESTREITO,Maranhão
FEIRA NOVA DO MARANHÃO,Maranhão
FERNANDO FALCÃO,Maranhão
FORMOSA DA SERRA NEGRA,Maranhão
FORTALEZA DOS NOGUEIRAS,Maranhão
FORTUNA,Maranhão
GODOFREDO VIANA,Maranhão
GONÇALVES DIAS,Maranhão
GOVERNADOR ARCHER,Maranhão
GOVERNADOR EDISON LOBÃO,Maranhão
GOVERNADOR EUGÊNIO BARROS,Maranhão
GOVERNADOR LUIZ ROCHA,Maranhão
GOVERNADOR NEWTON BELLO,Maranhão
GOVERNADOR NUNES FREIRE,Maranhão
GRAÇA ARANHA,Maranhão
GRAJAÚ,Maranhão
GUIMARÃES,Maranhão
HUMBERTO DE CAMPOS,Maranhão
ICATU,Maranhão
IGARAPÉ DO MEIO,Maranhão
IGARAPÉ GRANDE,Maranhão
IMPERATRIZ,Maranhão
ITAIPAVA DO GRAJAÚ,Maranhão
ITAPECURU MIRIM,Maranhão
ITINGA DO MARANHÃO,Maranhão
JATOBÁ,Maranhão
JENIPAPO DOS VIEIRAS,Maranhão
JOÃO LISBOA,Maranhão
JOSELÂNDIA,Maranhão
JUNCO DO MARANHÃO,Maranhão
LAGO DA PEDRA,Maranhão
LAGO DO JUNCO,Maranhão
LAGO VERDE,Maranhão
LAGOA DO MATO,Maranhão
LAGO DOS RODRIGUES,Maranhão
LAGOA GRANDE DO MARANHÃO,Maranhão
LAJEADO NOVO,Maranhão
LIMA CAMPOS,Maranhão
LORETO,Maranhão
LUÍS DOMINGUES,Maranhão
MAGALHÃES DE ALMEIDA,Maranhão
MARACAÇUMÉ,Maranhão
MARAJÁ DO SENA,Maranhão
MARANHÃOZINHO,Maranhão
MATA ROMA,Maranhão
MATINHA,Maranhão
MATÕES,Maranhão
MATÕES DO NORTE,Maranhão
MILAGRES DO MARANHÃO,Maranhão
MIRADOR,Maranhão
MIRANDA DO NORTE,Maranhão
MIRINZAL,Maranhão
MONÇÃO,Maranhão
MONTES ALTOS,Maranhão
MORROS,Maranhão
NINA RODRIGUES,Maranhão
NOVA COLINAS,Maranhão
NOVA IORQUE,Maranhão
NOVA OLINDA DO MARANHÃO,Maranhão
OLHO D'ÁGUA DAS CUNHÃS,Maranhão
OLINDA NOVA DO MARANHÃO,Maranhão
PAÇO DO LUMIAR,Maranhão
PALMEIRÂNDIA,Maranhão
PARAIBANO,Maranhão
PARNARAMA,Maranhão
PASSAGEM FRANCA,Maranhão
PASTOS BONS,Maranhão
PAULINO NEVES,Maranhão
PAULO RAMOS,Maranhão
PEDREIRAS,Maranhão
PEDRO DO ROSÁRIO,Maranhão
PENALVA,Maranhão
PERI MIRIM,Maranhão
PERITORÓ,Maranhão
PINDARÉ-MIRIM,Maranhão
PINHEIRO,Maranhão
PIO XII,Maranhão
PIRAPEMAS,Maranhão
POÇÃO DE PEDRAS,Maranhão
PORTO FRANCO,Maranhão
PORTO RICO DO MARANHÃO,Maranhão
PRESIDENTE DUTRA,Maranhão
PRESIDENTE JUSCELINO,Maranhão
PRESIDENTE MÉDICI,Maranhão
PRESIDENTE SARNEY,Maranhão
PRESIDENTE VARGAS,Maranhão
PRIMEIRA CRUZ,Maranhão
RAPOSA,Maranhão
RIACHÃO,Maranhão
RIBAMAR FIQUENE,Maranhão
ROSÁRIO,Maranhão
SAMBAÍBA,Maranhão
SANTA FILOMENA DO MARANHÃO,Maranhão
SANTA HELENA,Maranhão
SANTA INÊS,Maranhão
SANTA LUZIA,Maranhão
SANTA LUZIA DO PARUÁ,Maranhão
SANTA QUITÉRIA DO MARANHÃO,Maranhão
SANTA RITA,Maranhão
SANTANA DO MARANHÃO,Maranhão
SANTO AMARO DO MARANHÃO,Maranhão
SANTO ANTÔNIO DOS LOPES,Maranhão
SÃO BENEDITO DO RIO PRETO,Maranhão
SÃO BENTO,Maranhão
SÃO BERNARDO,Maranhão
SÃO DOMINGOS DO AZEITÃO,Maranhão
SÃO DOMINGOS DO MARANHÃO,Maranhão
SÃO FÉLIX DE BALSAS,Maranhão
SÃO FRANCISCO DO BREJÃO,Maranhão
SÃO FRANCISCO DO MARANHÃO,Maranhão
SÃO JOÃO BATISTA,Maranhão
SÃO JOÃO DO CARÚ,Maranhão
SÃO JOÃO DO PARAÍSO,Maranhão
SÃO JOÃO DO SOTER,Maranhão
SÃO JOÃO DOS PATOS,Maranhão
SÃO JOSÉ DE RIBAMAR,Maranhão
SÃO JOSÉ DOS BASÍLIOS,Maranhão
SÃO LUÍS,Maranhão
SÃO LUÍS GONZAGA DO MARANHÃO,Maranhão
SÃO MATEUS DO MARANHÃO,Maranhão
SÃO PEDRO DA ÁGUA BRANCA,Maranhão
SÃO PEDRO DOS CRENTES,Maranhão
SÃO RAIMUNDO DAS MANGABEIRAS,Maranhão
SÃO RAIMUNDO DO DOCA BEZERRA,Maranhão
SÃO ROBERTO,Maranhão
SÃO VICENTE FERRER,Maranhão
SATUBINHA,Maranhão
SENADOR ALEXANDRE COSTA,Maranhão
SENADOR LA ROCQUE,Maranhão
SERRANO DO MARANHÃO,Maranhão
SÍTIO NOVO,Maranhão
SUCUPIRA DO NORTE,Maranhão
SUCUPIRA DO RIACHÃO,Maranhão
TASSO FRAGOSO,Maranhão
TIMBIRAS,Maranhão
TIMON,Maranhão
TRIZIDELA DO VALE,Maranhão
TUFILÂNDIA,Maranhão
TUNTUM,Maranhão
TURIAÇU,Maranhão
TURILÂNDIA,Maranhão
TUTÓIA,Maranhão
URBANO SANTOS,Maranhão
VARGEM GRANDE,Maranhão
VIANA,Maranhão
VILA NOVA DOS MARTÍRIOS,Maranhão
VITÓRIA DO MEARIM,Maranhão
VITORINO FREIRE,Maranhão
ZÉ DOCA,Maranhão
ACAUÃ,Piauí
AGRICOLÂNDIA,Piauí
ÁGUA BRANCA,Piauí
ALAGOINHA DO PIAUÍ,Piauí
ALEGRETE DO PIAUÍ,Piauí
ALTO LONGÁ,Piauí
ALTOS,Piauí
ALVORADA DO GURGUÉIA,Piauí
AMARANTE,Piauí
ANGICAL DO PIAUÍ,Piauí
ANÍSIO DE ABREU,Piauí
ANTÔNIO ALMEIDA,Piauí
AROAZES,Piauí
AROEIRAS DO ITAIM,Piauí
ARRAIAL,Piauí
ASSUNÇÃO DO PIAUÍ,Piauí
AVELINO LOPES,Piauí
BAIXA GRANDE DO RIBEIRO,Piauí
BARRA D'ALCÂNTARA,Piauí
BARRAS,Piauí
BARREIRAS DO PIAUÍ,Piauí
BARRO DURO,Piauí
BATALHA,Piauí
BELA VISTA DO PIAUÍ,Piauí
BELÉM DO PIAUÍ,Piauí
BENEDITINOS,Piauí
BERTOLÍNIA,Piauí
BETÂNIA DO PIAUÍ,Piauí
BOA HORA,Piauí
BOCAINA,Piauí
BOM JESUS,Piauí
BOM PRINCÍPIO DO PIAUÍ,Piauí
BONFIM DO PIAUÍ,Piauí
BOQUEIRÃO DO PIAUÍ,Piauí
BRASILEIRA,Piauí
BREJO DO PIAUÍ,Piauí
BURITI DOS LOPES,Piauí
BURITI DOS MONTES,Piauí
CABECEIRAS DO PIAUÍ,Piauí
CAJAZEIRAS DO PIAUÍ,Piauí
CAJUEIRO DA PRAIA,Piauí
CALDEIRÃO GRANDE DO PIAUÍ,Piauí
CAMPINAS DO PIAUÍ,Piauí
CAMPO ALEGRE DO FIDALGO,Piauí
CAMPO GRANDE DO PIAUÍ,Piauí
CAMPO LARGO DO PIAUÍ,Piauí
CAMPO MAIOR,Piauí
CANAVIEIRA,Piauí
CANTO DO BURITI,Piauí
CAPITÃO DE CAMPOS,Piauí
CAPITÃO GERVÁSIO OLIVEIRA,Piauí
CARACOL,Piauí
CARAÚBAS DO PIAUÍ,Piauí
CARIDADE DO PIAUÍ,Piauí
CASTELO DO PIAUÍ,Piauí
CAXINGÓ,Piauí
COCAL,Piauí
COCAL DE TELHA,Piauí
COCAL DOS ALVES,Piauí
COIVARAS,Piauí
COLÔNIA DO GURGUÉIA,Piauí
COLÔNIA DO PIAUÍ,Piauí
CONCEIÇÃO DO CANINDÉ,Piauí
CORONEL JOSÉ DIAS,Piauí
CORRENTE,Piauí
CRISTALÂNDIA DO PIAUÍ,Piauí
CRISTINO CASTRO,Piauí
CURIMATÁ,Piauí
CURRAIS,Piauí
CURRALINHOS,Piauí
CURRAL NOVO DO PIAUÍ,Piauí
DEMERVAL LOBÃO,Piauí
DIRCEU ARCOVERDE,Piauí
DOM EXPEDITO LOPES,Piauí
DOMINGOS MOURÃO,Piauí
DOM INOCÊNCIO,Piauí
ELESBÃO VELOSO,Piauí
ELISEU MARTINS,Piauí
ESPERANTINA,Piauí
FARTURA DO PIAUÍ,Piauí
FLORES DO PIAUÍ,Piauí
FLORESTA DO PIAUÍ,Piauí
FLORIANO,Piauí
FRANCINÓPOLIS,Piauí
FRANCISCO AYRES,Piauí
FRANCISCO MACEDO,Piauí
FRANCISCO SANTOS,Piauí
FRONTEIRAS,Piauí
GEMINIANO,Piauí
GILBUÉS,Piauí
GUADALUPE,Piauí
GUARIBAS,Piauí
HUGO NAPOLEÃO,Piauí
ILHA GRANDE,Piauí
INHUMA,Piauí
IPIRANGA DO PIAUÍ,Piauí
ISAÍAS COELHO,Piauí
ITAINÓPOLIS,Piauí
ITAUEIRA,Piauí
JACOBINA DO PIAUÍ,Piauí
JAICÓS,Piauí
JARDIM DO MULATO,Piauí
JATOBÁ DO PIAUÍ,Piauí
JERUMENHA,Piauí
JOÃO COSTA,Piauí
JOAQUIM PIRES,Piauí
JOCA MARQUES,Piauí
JOSÉ DE FREITAS,Piauí
JUAZEIRO DO PIAUÍ,Piauí
JÚLIO BORGES,Piauí
JUREMA,Piauí
LAGOINHA DO PIAUÍ,Piauí
LAGOA ALEGRE,Piauí
LAGOA DO BARRO DO PIAUÍ,Piauí
LAGOA DE SÃO FRANCISCO,Piauí
LAGOA DO PIAUÍ,Piauí
LAGOA DO SÍTIO,Piauí
LANDRI SALES,Piauí
LUÍS CORREIA,Piauí
LUZILÂNDIA,Piauí
MADEIRO,Piauí
MANOEL EMÍDIO,Piauí
MARCOLÂNDIA,Piauí
MARCOS PARENTE,Piauí
MASSAPÊ DO PIAUÍ,Piauí
MATIAS OLÍMPIO,Piauí
MIGUEL ALVES,Piauí
MIGUEL LEÃO,Piauí
MILTON BRANDÃO,Piauí
MONSENHOR GIL,Piauí
MONSENHOR HIPÓLITO,Piauí
MONTE ALEGRE DO PIAUÍ,Piauí
MORRO CABEÇA NO TEMPO,Piauí
MORRO DO CHAPÉU DO PIAUÍ,Piauí
MURICI DOS PORTELAS,Piauí
NAZARÉ DO PIAUÍ,Piauí
NAZÁRIA,Piauí
NOSSA SENHORA DE NAZARÉ,Piauí
NOSSA SENHORA DOS REMÉDIOS,Piauí
NOVO ORIENTE DO PIAUÍ,Piauí
NOVO SANTO ANTÔNIO,Piauí
OEIRAS,Piauí
OLHO D'ÁGUA DO PIAUÍ,Piauí
PADRE MARCOS,Piauí
PAES LANDIM,Piauí
PAJEÚ DO PIAUÍ,Piauí
PALMEIRA DO PIAUÍ,Piauí
PALMEIRAIS,Piauí
PAQUETÁ,Piauí
PARNAGUÁ,Piauí
PARNAÍBA,Piauí
PASSAGEM FRANCA DO PIAUÍ,Piauí
PATOS DO PIAUÍ,Piauí
PAU D'ARCO DO PIAUÍ,Piauí
PAULISTANA,Piauí
PAVUSSU,Piauí
PEDRO II,Piauí
PEDRO LAURENTINO,Piauí
NOVA SANTA RITA,Piauí
PICOS,Piauí
PIMENTEIRAS,Piauí
PIO IX,Piauí
PIRACURUCA,Piauí
PIRIPIRI,Piauí
PORTO,Piauí
PORTO ALEGRE DO PIAUÍ,Piauí
PRATA DO PIAUÍ,Piauí
QUEIMADA NOVA,Piauí
REDENÇÃO DO GURGUÉIA,Piauí
REGENERAÇÃO,Piauí
RIACHO FRIO,Piauí
RIBEIRA DO PIAUÍ,Piauí
RIBEIRO GONÇALVES,Piauí
RIO GRANDE DO PIAUÍ,Piauí
SANTA CRUZ DO PIAUÍ,Piauí
SANTA CRUZ DOS MILAGRES,Piauí
SANTA FILOMENA,Piauí
SANTA LUZ,Piauí
SANTANA DO PIAUÍ,Piauí
SANTA ROSA DO PIAUÍ,Piauí
SANTO ANTÔNIO DE LISBOA,Piauí
SANTO ANTÔNIO DOS MILAGRES,Piauí
SANTO INÁCIO DO PIAUÍ,Piauí
SÃO BRAZ DO PIAUÍ,Piauí
SÃO FÉLIX DO PIAUÍ,Piauí
SÃO FRANCISCO DE ASSIS DO PIAUÍ,Piauí
SÃO FRANCISCO DO PIAUÍ,Piauí
SÃO GONÇALO DO GURGUÉIA,Piauí
SÃO GONÇALO DO PIAUÍ,Piauí
SÃO JOÃO DA CANABRAVA,Piauí
SÃO JOÃO DA FRONTEIRA,Piauí
SÃO JOÃO DA SERRA,Piauí
SÃO JOÃO DA VARJOTA,Piauí
SÃO JOÃO DO ARRAIAL,Piauí
SÃO JOÃO DO PIAUÍ,Piauí
SÃO JOSÉ DO DIVINO,Piauí
SÃO JOSÉ DO PEIXE,Piauí
SÃO JOSÉ DO PIAUÍ,Piauí
SÃO JULIÃO,Piauí
SÃO LOURENÇO DO PIAUÍ,Piauí
SÃO LUIS DO PIAUÍ,Piauí
SÃO MIGUEL DA BAIXA GRANDE,Piauí
SÃO MIGUEL DO FIDALGO,Piauí
SÃO MIGUEL DO TAPUIO,Piauí
SÃO PEDRO DO PIAUÍ,Piauí
SÃO RAIMUNDO NONATO,Piauí
SEBASTIÃO BARROS,Piauí
SEBASTIÃO LEAL,Piauí
SIGEFREDO PACHECO,Piauí
SIMÕES,Piauí
SIMPLÍCIO MENDES,Piauí
SOCORRO DO PIAUÍ,Piauí
SUSSUAPARA,Piauí
TAMBORIL DO PIAUÍ,Piauí
TANQUE DO PIAUÍ,Piauí
TERESINA,Piauí
UNIÃO,Piauí
URUÇUÍ,Piauí
VALENÇA DO PIAUÍ,Piauí
VÁRZEA BRANCA,Piauí
VÁRZEA GRANDE,Piauí
VERA MENDES,Piauí
VILA NOVA DO PIAUÍ,Piauí
WALL FERRAZ,Piauí
ABAIARA,Ceará
ACARAPE,Ceará
ACARAÚ,Ceará
ACOPIARA,Ceará
AIUABA,Ceará
ALCÂNTARAS,Ceará
ALTANEIRA,Ceará
ALTO SANTO,Ceará
AMONTADA,Ceará
ANTONINA DO NORTE,Ceará
APUIARÉS,Ceará
AQUIRAZ,Ceará
ARACATI,Ceará
ARACOIABA,Ceará
ARARENDÁ,Ceará
ARARIPE,Ceará
ARATUBA,Ceará
ARNEIROZ,Ceará
ASSARÉ,Ceará
AURORA,Ceará
BAIXIO,Ceará
BANABUIÚ,Ceará
BARBALHA,Ceará
BARREIRA,Ceará
BARRO,Ceará
BARROQUINHA,Ceará
BATURITÉ,Ceará
BEBERIBE,Ceará
BELA CRUZ,Ceará
BOA VIAGEM,Ceará
BREJO SANTO,Ceará
CAMOCIM,Ceará
CAMPOS SALES,Ceará
CANINDÉ,Ceará
CAPISTRANO,Ceará
CARIDADE,Ceará
CARIRÉ,Ceará
CARIRIAÇU,Ceará
CARIÚS,Ceará
CARNAUBAL,Ceará
CASCAVEL,Ceará
CATARINA,Ceará
CATUNDA,Ceará
CAUCAIA,Ceará
CEDRO,Ceará
CHAVAL,Ceará
CHORÓ,Ceará
CHOROZINHO,Ceará
COREAÚ,Ceará
CRATEÚS,Ceará
CRATO,Ceará
CROATÁ,Ceará
CRUZ,Ceará
DEPUTADO IRAPUAN PINHEIRO,Ceará
ERERÉ,Ceará
EUSÉBIO,Ceará
FARIAS BRITO,Ceará
FORQUILHA,Ceará
FORTALEZA,Ceará
FORTIM,Ceará
FRECHEIRINHA,Ceará
GENERAL SAMPAIO,Ceará
GRAÇA,Ceará
GRANJA,Ceará
GRANJEIRO,Ceará
GROAÍRAS,Ceará
GUAIÚBA,Ceará
GUARACIABA DO NORTE,Ceará
GUARAMIRANGA,Ceará
HIDROLÂNDIA,Ceará
HORIZONTE,Ceará
IBARETAMA,Ceará
IBIAPINA,Ceará
IBICUITINGA,Ceará
ICAPUÍ,Ceará
ICÓ,Ceará
IGUATU,Ceará
INDEPENDÊNCIA,Ceará
IPAPORANGA,Ceará
IPAUMIRIM,Ceará
IPU,Ceará
IPUEIRAS,Ceará
IRACEMA,Ceará
IRAUÇUBA,Ceará
ITAIÇABA,Ceará
ITAITINGA,Ceará
ITAPAJÉ,Ceará
ITAPIPOCA,Ceará
ITAPIÚNA,Ceará
ITAREMA,Ceará
ITATIRA,Ceará
JAGUARETAMA,Ceará
JAGUARIBARA,Ceará
JAGUARIBE,Ceará
JAGUARUANA,Ceará
JARDIM,Ceará
JATI,Ceará
JIJOCA DE JERICOACOARA,Ceará
JUAZEIRO DO NORTE,Ceará
JUCÁS,Ceará
LAVRAS DA MANGABEIRA,Ceará
LIMOEIRO DO NORTE,Ceará
MADALENA,Ceará
MARACANAÚ,Ceará
MARANGUAPE,Ceará
MARCO,Ceará
MARTINÓPOLE,Ceará
MASSAPÊ,Ceará
MAURITI,Ceará
MERUOCA,Ceará
MILAGRES,Ceará
MILHÃ,Ceará
MIRAÍMA,Ceará
MISSÃO VELHA,Ceará
MOMBAÇA,Ceará
MONSENHOR TABOSA,Ceará
MORADA NOVA,Ceará
MORAÚJO,Ceará
MORRINHOS,Ceará
MUCAMBO,Ceará
MULUNGU,Ceará
NOVA OLINDA,Ceará
NOVA RUSSAS,Ceará
NOVO ORIENTE,Ceará
OCARA,Ceará
ORÓS,Ceará
PACAJUS,Ceará
PACATUBA,Ceará
PACOTI,Ceará
PACUJÁ,Ceará
PALHANO,Ceará
PALMÁCIA,Ceará
PARACURU,Ceará
PARAIPABA,Ceará
PARAMBU,Ceará
PARAMOTI,Ceará
PEDRA BRANCA,Ceará
PENAFORTE,Ceará
PENTECOSTE,Ceará
PEREIRO,Ceará
PINDORETAMA,Ceará
PIQUET CARNEIRO,Ceará
PIRES FERREIRA,Ceará
PORANGA,Ceará
PORTEIRAS,Ceará
POTENGI,Ceará
POTIRETAMA,Ceará
QUITERIANÓPOLIS,Ceará
QUIXADÁ,Ceará
QUIXELÔ,Ceará
QUIXERAMOBIM,Ceará
QUIXERÉ,Ceará
REDENÇÃO,Ceará
RERIUTABA,Ceará
RUSSAS,Ceará
SABOEIRO,Ceará
SALITRE,Ceará
SANTANA DO ACARAÚ,Ceará
SANTANA DO CARIRI,Ceará
SANTA QUITÉRIA,Ceará
SÃO BENEDITO,Ceará
SÃO GONÇALO DO AMARANTE,Ceará
SÃO JOÃO DO JAGUARIBE,Ceará
SÃO LUÍS DO CURU,Ceará
SENADOR POMPEU,Ceará
SENADOR SÁ,Ceará
SOBRAL,Ceará
SOLONÓPOLE,Ceará
TABULEIRO DO NORTE,Ceará
TAMBORIL,Ceará
TARRAFAS,Ceará
TAUÁ,Ceará
TEJUÇUOCA,Ceará
TIANGUÁ,Ceará
TRAIRI,Ceará
TURURU,Ceará
UBAJARA,Ceará
UMARI,Ceará
UMIRIM,Ceará
URUBURETAMA,Ceará
URUOCA,Ceará
VARJOTA,Ceará
VÁRZEA ALEGRE,Ceará
VIÇOSA DO CEARÁ,Ceará
ACARI,Rio Grande
AÇU,Rio Grande
AFONSO BEZERRA,Rio Grande
ÁGUA NOVA,Rio Grande
ALEXANDRIA,Rio Grande
ALMINO AFONSO,Rio Grande
ALTO DO RODRIGUES,Rio Grande
ANGICOS,Rio Grande
ANTÔNIO MARTINS,Rio Grande
APODI,Rio Grande
AREIA BRANCA,Rio Grande
ARÊS,Rio Grande
CAMPO GRANDE,Rio Grande
BAÍA FORMOSA,Rio Grande
BARAÚNA,Rio Grande
BARCELONA,Rio Grande
BENTO FERNANDES,Rio Grande
BODÓ,Rio Grande
BOM JESUS,Rio Grande
BREJINHO,Rio Grande
CAIÇARA DO NORTE,Rio Grande
CAIÇARA DO RIO DO VENTO,Rio Grande
CAICÓ,Rio Grande
CAMPO REDONDO,Rio Grande
CANGUARETAMA,Rio Grande
CARAÚBAS,Rio Grande
CARNAÚBA DOS DANTAS,Rio Grande
CARNAUBAIS,Rio Grande
CEARÁ-MIRIM,Rio Grande
CERRO CORÁ,Rio Grande
CORONEL EZEQUIEL,Rio Grande
CORONEL JOÃO PESSOA,Rio Grande
CRUZETA,Rio Grande
CURRAIS NOVOS,Rio Grande
DOUTOR SEVERIANO,Rio Grande
PARNAMIRIM,Rio Grande
ENCANTO,Rio Grande
EQUADOR,Rio Grande
ESPÍRITO SANTO,Rio Grande
EXTREMOZ,Rio Grande
FELIPE GUERRA,Rio Grande
FERNANDO PEDROZA,Rio Grande
FLORÂNIA,Rio Grande
FRANCISCO DANTAS,Rio Grande
FRUTUOSO GOMES,Rio Grande
GALINHOS,Rio Grande
GOIANINHA,Rio Grande
GOVERNADOR DIX-SEPT ROSADO,Rio Grande
GROSSOS,Rio Grande
GUAMARÉ,Rio Grande
IELMO MARINHO,Rio Grande
IPANGUAÇU,Rio Grande
IPUEIRA,Rio Grande
ITAJÁ,Rio Grande
ITAÚ,Rio Grande
JAÇANÃ,Rio Grande
JANDAÍRA,Rio Grande
JANDUÍS,Rio Grande
JANUÁRIO CICCO,Rio Grande
JAPI,Rio Grande
JARDIM DE ANGICOS,Rio Grande
JARDIM DE PIRANHAS,Rio Grande
JARDIM DO SERIDÓ,Rio Grande
JOÃO CÂMARA,Rio Grande
JOÃO DIAS,Rio Grande
JOSÉ DA PENHA,Rio Grande
JUCURUTU,Rio Grande
JUNDIÁ,Rio Grande
LAGOA D'ANTA,Rio Grande
LAGOA DE PEDRAS,Rio Grande
LAGOA DE VELHOS,Rio Grande
LAGOA NOVA,Rio Grande
LAGOA SALGADA,Rio Grande
LAJES,Rio Grande
LAJES PINTADAS,Rio Grande
LUCRÉCIA,Rio Grande
LUÍS GOMES,Rio Grande
MACAÍBA,Rio Grande
MACAU,Rio Grande
MAJOR SALES,Rio Grande
MARCELINO VIEIRA,Rio Grande
MARTINS,Rio Grande
MAXARANGUAPE,Rio Grande
MESSIAS TARGINO,Rio Grande
MONTANHAS,Rio Grande
MONTE ALEGRE,Rio Grande
MONTE DAS GAMELEIRAS,Rio Grande
MOSSORÓ,Rio Grande
NATAL,Rio Grande
NÍSIA FLORESTA,Rio Grande
NOVA CRUZ,Rio Grande
OLHO D'ÁGUA DO BORGES,Rio Grande
OURO BRANCO,Rio Grande
PARANÁ,Rio Grande
PARAÚ,Rio Grande
PARAZINHO,Rio Grande
PARELHAS,Rio Grande
RIO DO FOGO,Rio Grande
PASSA E FICA,Rio Grande
PASSAGEM,Rio Grande
PATU,Rio Grande
SANTA MARIA,Rio Grande
PAU DOS FERROS,Rio Grande
PEDRA GRANDE,Rio Grande
PEDRA PRETA,Rio Grande
PEDRO AVELINO,Rio Grande
PEDRO VELHO,Rio Grande
PENDÊNCIAS,Rio Grande
PILÕES,Rio Grande
POÇO BRANCO,Rio Grande
PORTALEGRE,Rio Grande
PORTO DO MANGUE,Rio Grande
SERRA CAIADA,Rio Grande
PUREZA,Rio Grande
RAFAEL FERNANDES,Rio Grande
RAFAEL GODEIRO,Rio Grande
RIACHO DA CRUZ,Rio Grande
RIACHO DE SANTANA,Rio Grande
RIACHUELO,Rio Grande
RODOLFO FERNANDES,Rio Grande
TIBAU,Rio Grande
RUY BARBOSA,Rio Grande
SANTA CRUZ,Rio Grande
SANTANA DO MATOS,Rio Grande
SANTANA DO SERIDÓ,Rio Grande
SANTO ANTÔNIO,Rio Grande
SÃO BENTO DO NORTE,Rio Grande
SÃO BENTO DO TRAIRÍ,Rio Grande
SÃO FERNANDO,Rio Grande
SÃO FRANCISCO DO OESTE,Rio Grande
SÃO GONÇALO DO AMARANTE,Rio Grande
SÃO JOÃO DO SABUGI,Rio Grande
SÃO JOSÉ DE MIPIBU,Rio Grande
SÃO JOSÉ DO CAMPESTRE,Rio Grande
SÃO JOSÉ DO SERIDÓ,Rio Grande
SÃO MIGUEL,Rio Grande
SÃO MIGUEL DO GOSTOSO,Rio Grande
SÃO PAULO DO POTENGI,Rio Grande
SÃO PEDRO,Rio Grande
SÃO RAFAEL,Rio Grande
SÃO TOMÉ,Rio Grande
SÃO VICENTE,Rio Grande
SENADOR ELÓI DE SOUZA,Rio Grande
SENADOR GEORGINO AVELINO,Rio Grande
SERRA DE SÃO BENTO,Rio Grande
SERRA DO MEL,Rio Grande
SERRA NEGRA DO NORTE,Rio Grande
SERRINHA,Rio Grande
SERRINHA DOS PINTOS,Rio Grande
SEVERIANO MELO,Rio Grande
SÍTIO NOVO,Rio Grande
TABOLEIRO GRANDE,Rio Grande
TAIPU,Rio Grande
TANGARÁ,Rio Grande
TENENTE ANANIAS,Rio Grande
TENENTE LAURENTINO CRUZ,Rio Grande
TIBAU DO SUL,Rio Grande
TIMBAÚBA DOS BATISTAS,Rio Grande
TOUROS,Rio Grande
TRIUNFO POTIGUAR,Rio Grande
UMARIZAL,Rio Grande
UPANEMA,Rio Grande
VÁRZEA,Rio Grande
VENHA-VER,Rio Grande
VERA CRUZ,Rio Grande
VIÇOSA,Rio Grande
VILA FLOR,Rio Grande
ÁGUA BRANCA,Paraíba
AGUIAR,Paraíba
ALAGOA GRANDE,Paraíba
ALAGOA NOVA,Paraíba
ALAGOINHA,Paraíba
ALCANTIL,Paraíba
ALGODÃO DE JANDAÍRA,Paraíba
ALHANDRA,Paraíba
SÃO JOÃO DO RIO DO PEIXE,Paraíba
AMPARO,Paraíba
APARECIDA,Paraíba
ARAÇAGI,Paraíba
ARARA,Paraíba
ARARUNA,Paraíba
AREIA,Paraíba
AREIA DE BARAÚNAS,Paraíba
AREIAL,Paraíba
AROEIRAS,Paraíba
ASSUNÇÃO,Paraíba
BAÍA DA TRAIÇÃO,Paraíba
BANANEIRAS,Paraíba
BARAÚNA,Paraíba
BARRA DE SANTANA,Paraíba
BARRA DE SANTA ROSA,Paraíba
BARRA DE SÃO MIGUEL,Paraíba
BAYEUX,Paraíba
BELÉM,Paraíba
BELÉM DO BREJO DO CRUZ,Paraíba
BERNARDINO BATISTA,Paraíba
BOA VENTURA,Paraíba
BOA VISTA,Paraíba
BOM JESUS,Paraíba
BOM SUCESSO,Paraíba
BONITO DE SANTA FÉ,Paraíba
BOQUEIRÃO,Paraíba
IGARACY,Paraíba
BORBOREMA,Paraíba
BREJO DO CRUZ,Paraíba
BREJO DOS SANTOS,Paraíba
CAAPORÃ,Paraíba
CABACEIRAS,Paraíba
CABEDELO,Paraíba
CACHOEIRA DOS ÍNDIOS,Paraíba
CACIMBA DE AREIA,Paraíba
CACIMBA DE DENTRO,Paraíba
CACIMBAS,Paraíba
CAIÇARA,Paraíba
CAJAZEIRAS,Paraíba
CAJAZEIRINHAS,Paraíba
CALDAS BRANDÃO,Paraíba
CAMALAÚ,Paraíba
CAMPINA GRANDE,Paraíba
CAPIM,Paraíba
CARAÚBAS,Paraíba
CARRAPATEIRA,Paraíba
CASSERENGUE,Paraíba
CATINGUEIRA,Paraíba
CATOLÉ DO ROCHA,Paraíba
CATURITÉ,Paraíba
CONCEIÇÃO,Paraíba
CONDADO,Paraíba
CONDE,Paraíba
CONGO,Paraíba
COREMAS,Paraíba
COXIXOLA,Paraíba
CRUZ DO ESPÍRITO SANTO,Paraíba
CUBATI,Paraíba
CUITÉ,Paraíba
CUITEGI,Paraíba
CUITÉ DE MAMANGUAPE,Paraíba
CURRAL DE CIMA,Paraíba
CURRAL VELHO,Paraíba
DAMIÃO,Paraíba
DESTERRO,Paraíba
VISTA SERRANA,Paraíba
DIAMANTE,Paraíba
DONA INÊS,Paraíba
DUAS ESTRADAS,Paraíba
EMAS,Paraíba
ESPERANÇA,Paraíba
FAGUNDES,Paraíba
FREI MARTINHO,Paraíba
GADO BRAVO,Paraíba
GUARABIRA,Paraíba
GURINHÉM,Paraíba
GURJÃO,Paraíba
IBIARA,Paraíba
IMACULADA,Paraíba
INGÁ,Paraíba
ITABAIANA,Paraíba
ITAPORANGA,Paraíba
ITAPOROROCA,Paraíba
ITATUBA,Paraíba
JACARAÚ,Paraíba
JERICÓ,Paraíba
JOÃO PESSOA,Paraíba
JUAREZ TÁVORA,Paraíba
JUAZEIRINHO,Paraíba
JUNCO DO SERIDÓ,Paraíba
JURIPIRANGA,Paraíba
JURU,Paraíba
LAGOA,Paraíba
LAGOA DE DENTRO,Paraíba
LAGOA SECA,Paraíba
LASTRO,Paraíba
LIVRAMENTO,Paraíba
LOGRADOURO,Paraíba
LUCENA,Paraíba
MÃE D'ÁGUA,Paraíba
MALTA,Paraíba
MAMANGUAPE,Paraíba
MANAÍRA,Paraíba
MARCAÇÃO,Paraíba
MARI,Paraíba
MARIZÓPOLIS,Paraíba
MASSARANDUBA,Paraíba
MATARACA,Paraíba
MATINHAS,Paraíba
MATO GROSSO,Paraíba
MATURÉIA,Paraíba
MOGEIRO,Paraíba
MONTADAS,Paraíba
MONTE HOREBE,Paraíba
MONTEIRO,Paraíba
MULUNGU,Paraíba
NATUBA,Paraíba
NAZAREZINHO,Paraíba
NOVA FLORESTA,Paraíba
NOVA OLINDA,Paraíba
NOVA PALMEIRA,Paraíba
OLHO D'ÁGUA,Paraíba
OLIVEDOS,Paraíba
OURO VELHO,Paraíba
PARARI,Paraíba
PASSAGEM,Paraíba
PATOS,Paraíba
PAULISTA,Paraíba
PEDRA BRANCA,Paraíba
PEDRA LAVRADA,Paraíba
PEDRAS DE FOGO,Paraíba
PIANCÓ,Paraíba
PICUÍ,Paraíba
PILAR,Paraíba
PILÕES,Paraíba
PILÕEZINHOS,Paraíba
PIRPIRITUBA,Paraíba
PITIMBU,Paraíba
POCINHOS,Paraíba
POÇO DANTAS,Paraíba
POÇO DE JOSÉ DE MOURA,Paraíba
POMBAL,Paraíba
PRATA,Paraíba
PRINCESA ISABEL,Paraíba
PUXINANÃ,Paraíba
QUEIMADAS,Paraíba
QUIXABA,Paraíba
REMÍGIO,Paraíba
PEDRO RÉGIS,Paraíba
RIACHÃO,Paraíba
RIACHÃO DO BACAMARTE,Paraíba
RIACHÃO DO POÇO,Paraíba
RIACHO DE SANTO ANTÔNIO,Paraíba
RIACHO DOS CAVALOS,Paraíba
RIO TINTO,Paraíba
SALGADINHO,Paraíba
SALGADO DE SÃO FÉLIX,Paraíba
SANTA CECÍLIA,Paraíba
SANTA CRUZ,Paraíba
SANTA HELENA,Paraíba
SANTA INÊS,Paraíba
SANTA LUZIA,Paraíba
SANTANA DE MANGUEIRA,Paraíba
SANTANA DOS GARROTES,Paraíba
JOCA CLAUDINO,Paraíba
SANTA RITA,Paraíba
SANTA TERESINHA,Paraíba
SANTO ANDRÉ,Paraíba
SÃO BENTO,Paraíba
SÃO BENTINHO,Paraíba
SÃO DOMINGOS DO CARIRI,Paraíba
SÃO DOMINGOS,Paraíba
SÃO FRANCISCO,Paraíba
SÃO JOÃO DO CARIRI,Paraíba
SÃO JOÃO DO TIGRE,Paraíba
SÃO JOSÉ DA LAGOA TAPADA,Paraíba
SÃO JOSÉ DE CAIANA,Paraíba
SÃO JOSÉ DE ESPINHARAS,Paraíba
SÃO JOSÉ DOS RAMOS,Paraíba
SÃO JOSÉ DE PIRANHAS,Paraíba
SÃO JOSÉ DE PRINCESA,Paraíba
SÃO JOSÉ DO BONFIM,Paraíba
SÃO JOSÉ DO BREJO DO CRUZ,Paraíba
SÃO JOSÉ DO SABUGI,Paraíba
SÃO JOSÉ DOS CORDEIROS,Paraíba
SÃO MAMEDE,Paraíba
SÃO MIGUEL DE TAIPU,Paraíba
SÃO SEBASTIÃO DE LAGOA DE ROÇA,Paraíba
SÃO SEBASTIÃO DO UMBUZEIRO,Paraíba
SAPÉ,Paraíba
SÃO VICENTE DO SERIDÓ,Paraíba
SERRA BRANCA,Paraíba
SERRA DA RAIZ,Paraíba
SERRA GRANDE,Paraíba
SERRA REDONDA,Paraíba
SERRARIA,Paraíba
SERTÃOZINHO,Paraíba
SOBRADO,Paraíba
SOLÂNEA,Paraíba
SOLEDADE,Paraíba
SOSSÊGO,Paraíba
SOUSA,Paraíba
SUMÉ,Paraíba
TACIMA,Paraíba
TAPEROÁ,Paraíba
TAVARES,Paraíba
TEIXEIRA,Paraíba
TENÓRIO,Paraíba
TRIUNFO,Paraíba
UIRAÚNA,Paraíba
UMBUZEIRO,Paraíba
VÁRZEA,Paraíba
VIEIRÓPOLIS,Paraíba
ZABELÊ,Paraíba
ABREU E LIMA,Pernambuco
AFOGADOS DA INGAZEIRA,Pernambuco
AFRÂNIO,Pernambuco
AGRESTINA,Pernambuco
ÁGUA PRETA,Pernambuco
ÁGUAS BELAS,Pernambuco
ALAGOINHA,Pernambuco
ALIANÇA,Pernambuco
ALTINHO,Pernambuco
AMARAJI,Pernambuco
ANGELIM,Pernambuco
ARAÇOIABA,Pernambuco
ARARIPINA,Pernambuco
ARCOVERDE,Pernambuco
BARRA DE GUABIRABA,Pernambuco
BARREIROS,Pernambuco
BELÉM DE MARIA,Pernambuco
BELÉM DO SÃO FRANCISCO,Pernambuco
BELO JARDIM,Pernambuco
BETÂNIA,Pernambuco
BEZERROS,Pernambuco
BODOCÓ,Pernambuco
BOM CONSELHO,Pernambuco
BOM JARDIM,Pernambuco
BONITO,Pernambuco
BREJÃO,Pernambuco
BREJINHO,Pernambuco
BREJO DA MADRE DE DEUS,Pernambuco
BUENOS AIRES,Pernambuco
BUÍQUE,Pernambuco
CABO DE SANTO AGOSTINHO,Pernambuco
CABROBÓ,Pernambuco
CACHOEIRINHA,Pernambuco
CAETÉS,Pernambuco
CALÇADO,Pernambuco
CALUMBI,Pernambuco
CAMARAGIBE,Pernambuco
CAMOCIM DE SÃO FÉLIX,Pernambuco
CAMUTANGA,Pernambuco
CANHOTINHO,Pernambuco
CAPOEIRAS,Pernambuco
CARNAÍBA,Pernambuco
CARNAUBEIRA DA PENHA,Pernambuco
CARPINA,Pernambuco
CARUARU,Pernambuco
CASINHAS,Pernambuco
CATENDE,Pernambuco
CEDRO,Pernambuco
CHÃ DE ALEGRIA,Pernambuco
CHÃ GRANDE,Pernambuco
CONDADO,Pernambuco
CORRENTES,Pernambuco
CORTÊS,Pernambuco
CUMARU,Pernambuco
CUPIRA,Pernambuco
CUSTÓDIA,Pernambuco
DORMENTES,Pernambuco
ESCADA,Pernambuco
EXU,Pernambuco
FEIRA NOVA,Pernambuco
FERNANDO DE NORONHA,Pernambuco
FERREIROS,Pernambuco
FLORES,Pernambuco
FLORESTA,Pernambuco
FREI MIGUELINHO,Pernambuco
GAMELEIRA,Pernambuco
GARANHUNS,Pernambuco
GLÓRIA DO GOITÁ,Pernambuco
GOIANA,Pernambuco
GRANITO,Pernambuco
GRAVATÁ,Pernambuco
IATI,Pernambuco
IBIMIRIM,Pernambuco
IBIRAJUBA,Pernambuco
IGARASSU,Pernambuco
IGUARACY,Pernambuco
INAJÁ,Pernambuco
INGAZEIRA,Pernambuco
IPOJUCA,Pernambuco
IPUBI,Pernambuco
ITACURUBA,Pernambuco
ITAÍBA,Pernambuco
ILHA DE ITAMARACÁ,Pernambuco
ITAMBÉ,Pernambuco
ITAPETIM,Pernambuco
ITAPISSUMA,Pernambuco
ITAQUITINGA,Pernambuco
JABOATÃO DOS GUARARAPES,Pernambuco
JAQUEIRA,Pernambuco
JATAÚBA,Pernambuco
JATOBÁ,Pernambuco
JOÃO ALFREDO,Pernambuco
JOAQUIM NABUCO,Pernambuco
JUCATI,Pernambuco
JUPI,Pernambuco
JUREMA,Pernambuco
LAGOA DO CARRO,Pernambuco
LAGOA DE ITAENGA,Pernambuco
LAGOA DO OURO,Pernambuco
LAGOA DOS GATOS,Pernambuco
LAGOA GRANDE,Pernambuco
LAJEDO,Pernambuco
LIMOEIRO,Pernambuco
MACAPARANA,Pernambuco
MACHADOS,Pernambuco
MANARI,Pernambuco
MARAIAL,Pernambuco
MIRANDIBA,Pernambuco
MORENO,Pernambuco
NAZARÉ DA MATA,Pernambuco
OLINDA,Pernambuco
OROBÓ,Pernambuco
OROCÓ,Pernambuco
OURICURI,Pernambuco
PALMARES,Pernambuco
PALMEIRINA,Pernambuco
PANELAS,Pernambuco
PARANATAMA,Pernambuco
PARNAMIRIM,Pernambuco
PASSIRA,Pernambuco
PAUDALHO,Pernambuco
PAULISTA,Pernambuco
PEDRA,Pernambuco
PESQUEIRA,Pernambuco
PETROLÂNDIA,Pernambuco
PETROLINA,Pernambuco
POÇÃO,Pernambuco
POMBOS,Pernambuco
PRIMAVERA,Pernambuco
QUIPAPÁ,Pernambuco
QUIXABA,Pernambuco
RECIFE,Pernambuco
RIACHO DAS ALMAS,Pernambuco
RIBEIRÃO,Pernambuco
RIO FORMOSO,Pernambuco
SAIRÉ,Pernambuco
SALGADINHO,Pernambuco
SALGUEIRO,Pernambuco
SALOÁ,Pernambuco
SANHARÓ,Pernambuco
SANTA CRUZ,Pernambuco
SANTA CRUZ DA BAIXA VERDE,Pernambuco
SANTA CRUZ DO CAPIBARIBE,Pernambuco
SANTA FILOMENA,Pernambuco
SANTA MARIA DA BOA VISTA,Pernambuco
SANTA MARIA DO CAMBUCÁ,Pernambuco
SANTA TEREZINHA,Pernambuco
SÃO BENEDITO DO SUL,Pernambuco
SÃO BENTO DO UNA,Pernambuco
SÃO CAITANO,Pernambuco
SÃO JOÃO,Pernambuco
SÃO JOAQUIM DO MONTE,Pernambuco
SÃO JOSÉ DA COROA GRANDE,Pernambuco
SÃO JOSÉ DO BELMONTE,Pernambuco
SÃO JOSÉ DO EGITO,Pernambuco
SÃO LOURENÇO DA MATA,Pernambuco
SÃO VICENTE FÉRRER,Pernambuco
SERRA TALHADA,Pernambuco
SERRITA,Pernambuco
SERTÂNIA,Pernambuco
SIRINHAÉM,Pernambuco
MOREILÂNDIA,Pernambuco
SOLIDÃO,Pernambuco
SURUBIM,Pernambuco
TABIRA,Pernambuco
TACAIMBÓ,Pernambuco
TACARATU,Pernambuco
TAMANDARÉ,Pernambuco
TAQUARITINGA DO NORTE,Pernambuco
TEREZINHA,Pernambuco
TERRA NOVA,Pernambuco
TIMBAÚBA,Pernambuco
TORITAMA,Pernambuco
TRACUNHAÉM,Pernambuco
TRINDADE,Pernambuco
TRIUNFO,Pernambuco
TUPANATINGA,Pernambuco
TUPARETAMA,Pernambuco
VENTUROSA,Pernambuco
VERDEJANTE,Pernambuco
VERTENTE DO LÉRIO,Pernambuco
VERTENTES,Pernambuco
VICÊNCIA,Pernambuco
VITÓRIA DE SANTO ANTÃO,Pernambuco
XEXÉU,Pernambuco
ÁGUA BRANCA,Alagoas
ANADIA,Alagoas
ARAPIRACA,Alagoas
ATALAIA,Alagoas
BARRA DE SANTO ANTÔNIO,Alagoas
BARRA DE SÃO MIGUEL,Alagoas
BATALHA,Alagoas
BELÉM,Alagoas
BELO MONTE,Alagoas
BOCA DA MATA,Alagoas
BRANQUINHA,Alagoas
CACIMBINHAS,Alagoas
CAJUEIRO,Alagoas
CAMPESTRE,Alagoas
CAMPO ALEGRE,Alagoas
CAMPO GRANDE,Alagoas
CANAPI,Alagoas
CAPELA,Alagoas
CARNEIROS,Alagoas
CHÃ PRETA,Alagoas
COITÉ DO NÓIA,Alagoas
COLÔNIA LEOPOLDINA,Alagoas
COQUEIRO SECO,Alagoas
CORURIPE,Alagoas
CRAÍBAS,Alagoas
DELMIRO GOUVEIA,Alagoas
DOIS RIACHOS,Alagoas
ESTRELA DE ALAGOAS,Alagoas
FEIRA GRANDE,Alagoas
FELIZ DESERTO,Alagoas
FLEXEIRAS,Alagoas
GIRAU DO PONCIANO,Alagoas
IBATEGUARA,Alagoas
IGACI,Alagoas
IGREJA NOVA,Alagoas
INHAPI,Alagoas
JACARÉ DOS HOMENS,Alagoas
JACUÍPE,Alagoas
JAPARATINGA,Alagoas
JARAMATAIA,Alagoas
JEQUIÁ DA PRAIA,Alagoas
JOAQUIM GOMES,Alagoas
JUNDIÁ,Alagoas
JUNQUEIRO,Alagoas
LAGOA DA CANOA,Alagoas
LIMOEIRO DE ANADIA,Alagoas
MACEIÓ,Alagoas
MAJOR ISIDORO,Alagoas
MARAGOGI,Alagoas
MARAVILHA,Alagoas
MARECHAL DEODORO,Alagoas
MARIBONDO,Alagoas
MAR VERMELHO,Alagoas
MATA GRANDE,Alagoas
MATRIZ DE CAMARAGIBE,Alagoas
MESSIAS,Alagoas
MINADOR DO NEGRÃO,Alagoas
MONTEIRÓPOLIS,Alagoas
MURICI,Alagoas
NOVO LINO,Alagoas
OLHO D'ÁGUA DAS FLORES,Alagoas
OLHO D'ÁGUA DO CASADO,Alagoas
OLHO D'ÁGUA GRANDE,Alagoas
OLIVENÇA,Alagoas
OURO BRANCO,Alagoas
PALESTINA,Alagoas
PALMEIRA DOS ÍNDIOS,Alagoas
PÃO DE AÇÚCAR,Alagoas
PARICONHA,Alagoas
PARIPUEIRA,Alagoas
PASSO DE CAMARAGIBE,Alagoas
PAULO JACINTO,Alagoas
PENEDO,Alagoas
PIAÇABUÇU,Alagoas
PILAR,Alagoas
PINDOBA,Alagoas
PIRANHAS,Alagoas
POÇO DAS TRINCHEIRAS,Alagoas
PORTO CALVO,Alagoas
PORTO DE PEDRAS,Alagoas
PORTO REAL DO COLÉGIO,Alagoas
QUEBRANGULO,Alagoas
RIO LARGO,Alagoas
ROTEIRO,Alagoas
SANTA LUZIA DO NORTE,Alagoas
SANTANA DO IPANEMA,Alagoas
SANTANA DO MUNDAÚ,Alagoas
SÃO BRÁS,Alagoas
SÃO JOSÉ DA LAJE,Alagoas
SÃO JOSÉ DA TAPERA,Alagoas
SÃO LUÍS DO QUITUNDE,Alagoas
SÃO MIGUEL DOS CAMPOS,Alagoas
SÃO MIGUEL DOS MILAGRES,Alagoas
SÃO SEBASTIÃO,Alagoas
SATUBA,Alagoas
SENADOR RUI PALMEIRA,Alagoas
TANQUE D'ARCA,Alagoas
TAQUARANA,Alagoas
TEOTÔNIO VILELA,Alagoas
TRAIPU,Alagoas
UNIÃO DOS PALMARES,Alagoas
VIÇOSA,Alagoas
AMPARO DO SÃO FRANCISCO,Sergipe
AQUIDABÃ,Sergipe
ARACAJU,Sergipe
ARAUÁ,Sergipe
AREIA BRANCA,Sergipe
BARRA DOS COQUEIROS,Sergipe
BOQUIM,Sergipe
BREJO GRANDE,Sergipe
CAMPO DO BRITO,Sergipe
CANHOBA,Sergipe
CANINDÉ DE SÃO FRANCISCO,Sergipe
CAPELA,Sergipe
CARIRA,Sergipe
CARMÓPOLIS,Sergipe
CEDRO DE SÃO JOÃO,Sergipe
CRISTINÁPOLIS,Sergipe
CUMBE,Sergipe
DIVINA PASTORA,Sergipe
ESTÂNCIA,Sergipe
FEIRA NOVA,Sergipe
FREI PAULO,Sergipe
GARARU,Sergipe
GENERAL MAYNARD,Sergipe
GRACHO CARDOSO,Sergipe
ILHA DAS FLORES,Sergipe
INDIAROBA,Sergipe
ITABAIANA,Sergipe
ITABAIANINHA,Sergipe
ITABI,Sergipe
ITAPORANGA D'AJUDA,Sergipe
JAPARATUBA,Sergipe
JAPOATÃ,Sergipe
LAGARTO,Sergipe
LARANJEIRAS,Sergipe
MACAMBIRA,Sergipe
MALHADA DOS BOIS,Sergipe
MALHADOR,Sergipe
MARUIM,Sergipe
MOITA BONITA,Sergipe
MONTE ALEGRE DE SERGIPE,Sergipe
MURIBECA,Sergipe
NEÓPOLIS,Sergipe
NOSSA SENHORA APARECIDA,Sergipe
NOSSA SENHORA DA GLÓRIA,Sergipe
NOSSA SENHORA DAS DORES,Sergipe
NOSSA SENHORA DE LOURDES,Sergipe
NOSSA SENHORA DO SOCORRO,Sergipe
PACATUBA,Sergipe
PEDRA MOLE,Sergipe
PEDRINHAS,Sergipe
PINHÃO,Sergipe
PIRAMBU,Sergipe
POÇO REDONDO,Sergipe
POÇO VERDE,Sergipe
PORTO DA FOLHA,Sergipe
PROPRIÁ,Sergipe
RIACHÃO DO DANTAS,Sergipe
RIACHUELO,Sergipe
RIBEIRÓPOLIS,Sergipe
ROSÁRIO DO CATETE,Sergipe
SALGADO,Sergipe
SANTA LUZIA DO ITANHY,Sergipe
SANTANA DO SÃO FRANCISCO,Sergipe
SANTA ROSA DE LIMA,Sergipe
SANTO AMARO DAS BROTAS,Sergipe
SÃO CRISTÓVÃO,Sergipe
SÃO DOMINGOS,Sergipe
SÃO FRANCISCO,Sergipe
SÃO MIGUEL DO ALEIXO,Sergipe
SIMÃO DIAS,Sergipe
SIRIRI,Sergipe
TELHA,Sergipe
TOBIAS BARRETO,Sergipe
TOMAR DO GERU,Sergipe
UMBAÚBA,Sergipe
ABAÍRA,Bahia
ABARÉ,Bahia
ACAJUTIBA,Bahia
ADUSTINA,Bahia
ÁGUA FRIA,Bahia
ÉRICO CARDOSO,Bahia
AIQUARA,Bahia
ALAGOINHAS,Bahia
ALCOBAÇA,Bahia
ALMADINA,Bahia
AMARGOSA,Bahia
AMÉLIA RODRIGUES,Bahia
AMÉRICA DOURADA,Bahia
ANAGÉ,Bahia
ANDARAÍ,Bahia
ANDORINHA,Bahia
ANGICAL,Bahia
ANGUERA,Bahia
ANTAS,Bahia
ANTÔNIO CARDOSO,Bahia
ANTÔNIO GONÇALVES,Bahia
APORÁ,Bahia
APUAREMA,Bahia
ARACATU,Bahia
ARAÇÁS,Bahia
ARACI,Bahia
ARAMARI,Bahia
ARATACA,Bahia
ARATUÍPE,Bahia
AURELINO LEAL,Bahia
BAIANÓPOLIS,Bahia
BAIXA GRANDE,Bahia
BANZAÊ,Bahia
BARRA,Bahia
BARRA DA ESTIVA,Bahia
BARRA DO CHOÇA,Bahia
BARRA DO MENDES,Bahia
BARRA DO ROCHA,Bahia
BARREIRAS,Bahia
BARRO ALTO,Bahia
BARROCAS,Bahia
BARRO PRETO,Bahia
BELMONTE,Bahia
BELO CAMPO,Bahia
BIRITINGA,Bahia
BOA NOVA,Bahia
BOA VISTA DO TUPIM,Bahia
BOM JESUS DA LAPA,Bahia
BOM JESUS DA SERRA,Bahia
BONINAL,Bahia
BONITO,Bahia
BOQUIRA,Bahia
BOTUPORÃ,Bahia
BREJÕES,Bahia
BREJOLÂNDIA,Bahia
BROTAS DE MACAÚBAS,Bahia
BRUMADO,Bahia
BUERAREMA,Bahia
BURITIRAMA,Bahia
CAATIBA,Bahia
CABACEIRAS DO PARAGUAÇU,Bahia
CACHOEIRA,Bahia
CACULÉ,Bahia
CAÉM,Bahia
CAETANOS,Bahia
CAETITÉ,Bahia
CAFARNAUM,Bahia
CAIRU,Bahia
CALDEIRÃO GRANDE,Bahia
CAMACAN,Bahia
CAMAÇARI,Bahia
CAMAMU,Bahia
CAMPO ALEGRE DE LOURDES,Bahia
CAMPO FORMOSO,Bahia
CANÁPOLIS,Bahia
CANARANA,Bahia
CANAVIEIRAS,Bahia
CANDEAL,Bahia
CANDEIAS,Bahia
CANDIBA,Bahia
CÂNDIDO SALES,Bahia
CANSANÇÃO,Bahia
CANUDOS,Bahia
CAPELA DO ALTO ALEGRE,Bahia
CAPIM GROSSO,Bahia
CARAÍBAS,Bahia
CARAVELAS,Bahia
CARDEAL DA SILVA,Bahia
CARINHANHA,Bahia
CASA NOVA,Bahia
CASTRO ALVES,Bahia
CATOLÂNDIA,Bahia
CATU,Bahia
CATURAMA,Bahia
CENTRAL,Bahia
CHORROCHÓ,Bahia
CÍCERO DANTAS,Bahia
CIPÓ,Bahia
COARACI,Bahia
COCOS,Bahia
CONCEIÇÃO DA FEIRA,Bahia
CONCEIÇÃO DO ALMEIDA,Bahia
CONCEIÇÃO DO COITÉ,Bahia
CONCEIÇÃO DO JACUÍPE,Bahia
CONDE,Bahia
CONDEÚBA,Bahia
CONTENDAS DO SINCORÁ,Bahia
CORAÇÃO DE MARIA,Bahia
CORDEIROS,Bahia
CORIBE,Bahia
CORONEL JOÃO SÁ,Bahia
CORRENTINA,Bahia
COTEGIPE,Bahia
CRAVOLÂNDIA,Bahia
CRISÓPOLIS,Bahia
CRISTÓPOLIS,Bahia
CRUZ DAS ALMAS,Bahia
CURAÇÁ,Bahia
DÁRIO MEIRA,Bahia
DIAS D'ÁVILA,Bahia
DOM BASÍLIO,Bahia
DOM MACEDO COSTA,Bahia
ELÍSIO MEDRADO,Bahia
ENCRUZILHADA,Bahia
ENTRE RIOS,Bahia
ESPLANADA,Bahia
EUCLIDES DA CUNHA,Bahia
EUNÁPOLIS,Bahia
FÁTIMA,Bahia
FEIRA DA MATA,Bahia
FEIRA DE SANTANA,Bahia
FILADÉLFIA,Bahia
FIRMINO ALVES,Bahia
FLORESTA AZUL,Bahia
FORMOSA DO RIO PRETO,Bahia
GANDU,Bahia
GAVIÃO,Bahia
GENTIO DO OURO,Bahia
GLÓRIA,Bahia
GONGOGI,Bahia
GOVERNADOR MANGABEIRA,Bahia
GUAJERU,Bahia
GUANAMBI,Bahia
GUARATINGA,Bahia
HELIÓPOLIS,Bahia
IAÇU,Bahia
IBIASSUCÊ,Bahia
IBICARAÍ,Bahia
IBICOARA,Bahia
IBICUÍ,Bahia
IBIPEBA,Bahia
IBIPITANGA,Bahia
IBIQUERA,Bahia
IBIRAPITANGA,Bahia
IBIRAPUÃ,Bahia
IBIRATAIA,Bahia
IBITIARA,Bahia
IBITITÁ,Bahia
IBOTIRAMA,Bahia
ICHU,Bahia
IGAPORÃ,Bahia
IGRAPIÚNA,Bahia
IGUAÍ,Bahia
ILHÉUS,Bahia
INHAMBUPE,Bahia
IPECAETÁ,Bahia
IPIAÚ,Bahia
IPIRÁ,Bahia
IPUPIARA,Bahia
IRAJUBA,Bahia
IRAMAIA,Bahia
IRAQUARA,Bahia
IRARÁ,Bahia
IRECÊ,Bahia
ITABELA,Bahia
ITABERABA,Bahia
ITABUNA,Bahia
ITACARÉ,Bahia
ITAETÉ,Bahia
ITAGI,Bahia
ITAGIBÁ,Bahia
ITAGIMIRIM,Bahia
ITAGUAÇU DA BAHIA,Bahia
ITAJU DO COLÔNIA,Bahia
ITAJUÍPE,Bahia
ITAMARAJU,Bahia
ITAMARI,Bahia
ITAMBÉ,Bahia
ITANAGRA,Bahia
ITANHÉM,Bahia
ITAPARICA,Bahia
ITAPÉ,Bahia
ITAPEBI,Bahia
ITAPETINGA,Bahia
ITAPICURU,Bahia
ITAPITANGA,Bahia
ITAQUARA,Bahia
ITARANTIM,Bahia
ITATIM,Bahia
ITIRUÇU,Bahia
ITIÚBA,Bahia
ITORORÓ,Bahia
ITUAÇU,Bahia
ITUBERÁ,Bahia
IUIU,Bahia
JABORANDI,Bahia
JACARACI,Bahia
JACOBINA,Bahia
JAGUAQUARA,Bahia
JAGUARARI,Bahia
JAGUARIPE,Bahia
JANDAÍRA,Bahia
JEQUIÉ,Bahia
JEREMOABO,Bahia
JIQUIRIÇÁ,Bahia
JITAÚNA,Bahia
JOÃO DOURADO,Bahia
JUAZEIRO,Bahia
JUCURUÇU,Bahia
JUSSARA,Bahia
JUSSARI,Bahia
JUSSIAPE,Bahia
LAFAIETE COUTINHO,Bahia
LAGOA REAL,Bahia
LAJE,Bahia
LAJEDÃO,Bahia
LAJEDINHO,Bahia
LAJEDO DO TABOCAL,Bahia
LAMARÃO,Bahia
LAPÃO,Bahia
LAURO DE FREITAS,Bahia
LENÇÓIS,Bahia
LICÍNIO DE ALMEIDA,Bahia
LIVRAMENTO DE NOSSA SENHORA,Bahia
LUÍS EDUARDO MAGALHÃES,Bahia
MACAJUBA,Bahia
MACARANI,Bahia
MACAÚBAS,Bahia
MACURURÉ,Bahia
MADRE DE DEUS,Bahia
MAETINGA,Bahia
MAIQUINIQUE,Bahia
MAIRI,Bahia
MALHADA,Bahia
MALHADA DE PEDRAS,Bahia
MANOEL VITORINO,Bahia
MANSIDÃO,Bahia
MARACÁS,Bahia
MARAGOGIPE,Bahia
MARAÚ,Bahia
MARCIONÍLIO SOUZA,Bahia
MASCOTE,Bahia
MATA DE SÃO JOÃO,Bahia
MATINA,Bahia
MEDEIROS NETO,Bahia
MIGUEL CALMON,Bahia
MILAGRES,Bahia
MIRANGABA,Bahia
MIRANTE,Bahia
MONTE SANTO,Bahia
MORPARÁ,Bahia
MORRO DO CHAPÉU,Bahia
MORTUGABA,Bahia
MUCUGÊ,Bahia
MUCURI,Bahia
MULUNGU DO MORRO,Bahia
MUNDO NOVO,Bahia
MUNIZ FERREIRA,Bahia
MUQUÉM DO SÃO FRANCISCO,Bahia
MURITIBA,Bahia
MUTUÍPE,Bahia
NAZARÉ,Bahia
NILO PEÇANHA,Bahia
NORDESTINA,Bahia
NOVA CANAÃ,Bahia
NOVA FÁTIMA,Bahia
NOVA IBIÁ,Bahia
NOVA ITARANA,Bahia
NOVA REDENÇÃO,Bahia
NOVA SOURE,Bahia
NOVA VIÇOSA,Bahia
NOVO HORIZONTE,Bahia
NOVO TRIUNFO,Bahia
OLINDINA,Bahia
OLIVEIRA DOS BREJINHOS,Bahia
OURIÇANGAS,Bahia
OUROLÂNDIA,Bahia
PALMAS DE MONTE ALTO,Bahia
PALMEIRAS,Bahia
PARAMIRIM,Bahia
PARATINGA,Bahia
PARIPIRANGA,Bahia
PAU BRASIL,Bahia
PAULO AFONSO,Bahia
PÉ DE SERRA,Bahia
PEDRÃO,Bahia
PEDRO ALEXANDRE,Bahia
PIATÃ,Bahia
PILÃO ARCADO,Bahia
PINDAÍ,Bahia
PINDOBAÇU,Bahia
PINTADAS,Bahia
PIRAÍ DO NORTE,Bahia
PIRIPÁ,Bahia
PIRITIBA,Bahia
PLANALTINO,Bahia
PLANALTO,Bahia
POÇÕES,Bahia
POJUCA,Bahia
PONTO NOVO,Bahia
PORTO SEGURO,Bahia
POTIRAGUÁ,Bahia
PRADO,Bahia
PRESIDENTE DUTRA,Bahia
PRESIDENTE JÂNIO QUADROS,Bahia
PRESIDENTE TANCREDO NEVES,Bahia
QUEIMADAS,Bahia
QUIJINGUE,Bahia
QUIXABEIRA,Bahia
RAFAEL JAMBEIRO,Bahia
REMANSO,Bahia
RETIROLÂNDIA,Bahia
RIACHÃO DAS NEVES,Bahia
RIACHÃO DO JACUÍPE,Bahia
RIACHO DE SANTANA,Bahia
RIBEIRA DO AMPARO,Bahia
RIBEIRA DO POMBAL,Bahia
RIBEIRÃO DO LARGO,Bahia
RIO DE CONTAS,Bahia
RIO DO ANTÔNIO,Bahia
RIO DO PIRES,Bahia
RIO REAL,Bahia
RODELAS,Bahia
RUY BARBOSA,Bahia
SALINAS DA MARGARIDA,Bahia
SALVADOR,Bahia
SANTA BÁRBARA,Bahia
SANTA BRÍGIDA,Bahia
SANTA CRUZ CABRÁLIA,Bahia
SANTA CRUZ DA VITÓRIA,Bahia
SANTA INÊS,Bahia
SANTALUZ,Bahia
SANTA LUZIA,Bahia
SANTA MARIA DA VITÓRIA,Bahia
SANTANA,Bahia
SANTANÓPOLIS,Bahia
SANTA RITA DE CÁSSIA,Bahia
SANTA TEREZINHA,Bahia
SANTO AMARO,Bahia
SANTO ANTÔNIO DE JESUS,Bahia
SANTO ESTÊVÃO,Bahia
SÃO DESIDÉRIO,Bahia
SÃO DOMINGOS,Bahia
SÃO FÉLIX,Bahia
SÃO FÉLIX DO CORIBE,Bahia
SÃO FELIPE,Bahia
SÃO FRANCISCO DO CONDE,Bahia
SÃO GABRIEL,Bahia
SÃO GONÇALO DOS CAMPOS,Bahia
SÃO JOSÉ DA VITÓRIA,Bahia
SÃO JOSÉ DO JACUÍPE,Bahia
SÃO MIGUEL DAS MATAS,Bahia
SÃO SEBASTIÃO DO PASSÉ,Bahia
SAPEAÇU,Bahia
SÁTIRO DIAS,Bahia
SAUBARA,Bahia
SAÚDE,Bahia
SEABRA,Bahia
SEBASTIÃO LARANJEIRAS,Bahia
SENHOR DO BONFIM,Bahia
SERRA DO RAMALHO,Bahia
SENTO SÉ,Bahia
SERRA DOURADA,Bahia
SERRA PRETA,Bahia
SERRINHA,Bahia
SERROLÂNDIA,Bahia
SIMÕES FILHO,Bahia
SÍTIO DO MATO,Bahia
SÍTIO DO QUINTO,Bahia
SOBRADINHO,Bahia
SOUTO SOARES,Bahia
TABOCAS DO BREJO VELHO,Bahia
TANHAÇU,Bahia
TANQUE NOVO,Bahia
TANQUINHO,Bahia
TAPEROÁ,Bahia
TAPIRAMUTÁ,Bahia
TEIXEIRA DE FREITAS,Bahia
TEODORO SAMPAIO,Bahia
TEOFILÂNDIA,Bahia
TEOLÂNDIA,Bahia
TERRA NOVA,Bahia
TREMEDAL,Bahia
TUCANO,Bahia
UAUÁ,Bahia
UBAÍRA,Bahia
UBAITABA,Bahia
UBATÃ,Bahia
UIBAÍ,Bahia
UMBURANAS,Bahia
UNA,Bahia
URANDI,Bahia
URUÇUCA,Bahia
UTINGA,Bahia
VALENÇA,Bahia
VALENTE,Bahia
VÁRZEA DA ROÇA,Bahia
VÁRZEA DO POÇO,Bahia
VÁRZEA NOVA,Bahia
VARZEDO,Bahia
VERA CRUZ,Bahia
VEREDA,Bahia
VITÓRIA DA CONQUISTA,Bahia
WAGNER,Bahia
WANDERLEY,Bahia
WENCESLAU GUIMARÃES,Bahia
XIQUE-XIQUE,Bahia
ABADIA DOS DOURADOS,Minas Gera
ABAETÉ,Minas Gera
ABRE CAMPO,Minas Gera
ACAIACA,Minas Gera
AÇUCENA,Minas Gera
ÁGUA BOA,Minas Gera
ÁGUA COMPRIDA,Minas Gera
AGUANIL,Minas Gera
ÁGUAS FORMOSAS,Minas Gera
ÁGUAS VERMELHAS,Minas Gera
AIMORÉS,Minas Gera
AIURUOCA,Minas Gera
ALAGOA,Minas Gera
ALBERTINA,Minas Gera
ALÉM PARAÍBA,Minas Gera
ALFENAS,Minas Gera
ALFREDO VASCONCELOS,Minas Gera
ALMENARA,Minas Gera
ALPERCATA,Minas Gera
ALPINÓPOLIS,Minas Gera
ALTEROSA,Minas Gera
ALTO CAPARAÓ,Minas Gera
ALTO RIO DOCE,Minas Gera
ALVARENGA,Minas Gera
ALVINÓPOLIS,Minas Gera
ALVORADA DE MINAS,Minas Gera
AMPARO DO SERRA,Minas Gera
ANDRADAS,Minas Gera
CACHOEIRA DE PAJEÚ,Minas Gera
ANDRELÂNDIA,Minas Gera
ANGELÂNDIA,Minas Gera
ANTÔNIO CARLOS,Minas Gera
ANTÔNIO DIAS,Minas Gera
ANTÔNIO PRADO DE MINAS,Minas Gera
ARAÇAÍ,Minas Gera
ARACITABA,Minas Gera
ARAÇUAÍ,Minas Gera
ARAGUARI,Minas Gera
ARANTINA,Minas Gera
ARAPONGA,Minas Gera
ARAPORÃ,Minas Gera
ARAPUÁ,Minas Gera
ARAÚJOS,Minas Gera
ARAXÁ,Minas Gera
ARCEBURGO,Minas Gera
ARCOS,Minas Gera
AREADO,Minas Gera
ARGIRITA,Minas Gera
ARICANDUVA,Minas Gera
ARINOS,Minas Gera
ASTOLFO DUTRA,Minas Gera
ATALÉIA,Minas Gera
AUGUSTO DE LIMA,Minas Gera
BAEPENDI,Minas Gera
BALDIM,Minas Gera
BAMBUÍ,Minas Gera
BANDEIRA,Minas Gera
BANDEIRA DO SUL,Minas Gera
BARÃO DE COCAIS,Minas Gera
BARÃO DE MONTE ALTO,Minas Gera
BARBACENA,Minas Gera
BARRA LONGA,Minas Gera
BARROSO,Minas Gera
BELA VISTA DE MINAS,Minas Gera
BELMIRO BRAGA,Minas Gera
BELO HORIZONTE,Minas Gera
BELO ORIENTE,Minas Gera
BELO VALE,Minas Gera
BERILO,Minas Gera
BERTÓPOLIS,Minas Gera
BERIZAL,Minas Gera
BETIM,Minas Gera
BIAS FORTES,Minas Gera
BICAS,Minas Gera
BIQUINHAS,Minas Gera
BOA ESPERANÇA,Minas Gera
BOCAINA DE MINAS,Minas Gera
BOCAIÚVA,Minas Gera
BOM DESPACHO,Minas Gera
BOM JARDIM DE MINAS,Minas Gera
BOM JESUS DA PENHA,Minas Gera
BOM JESUS DO AMPARO,Minas Gera
BOM JESUS DO GALHO,Minas Gera
BOM REPOUSO,Minas Gera
BOM SUCESSO,Minas Gera
BONFIM,Minas Gera
BONFINÓPOLIS DE MINAS,Minas Gera
BONITO DE MINAS,Minas Gera
BORDA DA MATA,Minas Gera
BOTELHOS,Minas Gera
BOTUMIRIM,Minas Gera
BRASILÂNDIA DE MINAS,Minas Gera
BRASÍLIA DE MINAS,Minas Gera
BRÁS PIRES,Minas Gera
BRAÚNAS,Minas Gera
BRAZÓPOLIS,Minas Gera
BRUMADINHO,Minas Gera
BUENO BRANDÃO,Minas Gera
BUENÓPOLIS,Minas Gera
BUGRE,Minas Gera
BURITIS,Minas Gera
BURITIZEIRO,Minas Gera
CABECEIRA GRANDE,Minas Gera
CABO VERDE,Minas Gera
CACHOEIRA DA PRATA,Minas Gera
CACHOEIRA DE MINAS,Minas Gera
CACHOEIRA DOURADA,Minas Gera
CAETANÓPOLIS,Minas Gera
CAETÉ,Minas Gera
CAIANA,Minas Gera
CAJURI,Minas Gera
CALDAS,Minas Gera
CAMACHO,Minas Gera
CAMANDUCAIA,Minas Gera
CAMBUÍ,Minas Gera
CAMBUQUIRA,Minas Gera
CAMPANÁRIO,Minas Gera
CAMPANHA,Minas Gera
CAMPESTRE,Minas Gera
CAMPINA VERDE,Minas Gera
CAMPO AZUL,Minas Gera
CAMPO BELO,Minas Gera
CAMPO DO MEIO,Minas Gera
CAMPO FLORIDO,Minas Gera
CAMPOS ALTOS,Minas Gera
CAMPOS GERAIS,Minas Gera
CANAÃ,Minas Gera
CANÁPOLIS,Minas Gera
CANA VERDE,Minas Gera
CANDEIAS,Minas Gera
CANTAGALO,Minas Gera
CAPARAÓ,Minas Gera
CAPELA NOVA,Minas Gera
CAPELINHA,Minas Gera
CAPETINGA,Minas Gera
CAPIM BRANCO,Minas Gera
CAPINÓPOLIS,Minas Gera
CAPITÃO ANDRADE,Minas Gera
CAPITÃO ENÉAS,Minas Gera
CAPITÓLIO,Minas Gera
CAPUTIRA,Minas Gera
CARAÍ,Minas Gera
CARANAÍBA,Minas Gera
CARANDAÍ,Minas Gera
CARANGOLA,Minas Gera
CARATINGA,Minas Gera
CARBONITA,Minas Gera
CAREAÇU,Minas Gera
CARLOS CHAGAS,Minas Gera
CARMÉSIA,Minas Gera
CARMO DA CACHOEIRA,Minas Gera
CARMO DA MATA,Minas Gera
CARMO DE MINAS,Minas Gera
CARMO DO CAJURU,Minas Gera
CARMO DO PARANAÍBA,Minas Gera
CARMO DO RIO CLARO,Minas Gera
CARMÓPOLIS DE MINAS,Minas Gera
CARNEIRINHO,Minas Gera
CARRANCAS,Minas Gera
CARVALHÓPOLIS,Minas Gera
CARVALHOS,Minas Gera
CASA GRANDE,Minas Gera
CASCALHO RICO,Minas Gera
CÁSSIA,Minas Gera
CONCEIÇÃO DA BARRA DE MINAS,Minas Gera
CATAGUASES,Minas Gera
CATAS ALTAS,Minas Gera
CATAS ALTAS DA NORUEGA,Minas Gera
CATUJI,Minas Gera
CATUTI,Minas Gera
CAXAMBU,Minas Gera
CEDRO DO ABAETÉ,Minas Gera
CENTRAL DE MINAS,Minas Gera
CENTRALINA,Minas Gera
CHÁCARA,Minas Gera
CHALÉ,Minas Gera
CHAPADA DO NORTE,Minas Gera
CHAPADA GAÚCHA,Minas Gera
CHIADOR,Minas Gera
CIPOTÂNEA,Minas Gera
CLARAVAL,Minas Gera
CLARO DOS POÇÕES,Minas Gera
CLÁUDIO,Minas Gera
COIMBRA,Minas Gera
COLUNA,Minas Gera
COMENDADOR GOMES,Minas Gera
COMERCINHO,Minas Gera
CONCEIÇÃO DA APARECIDA,Minas Gera
CONCEIÇÃO DAS PEDRAS,Minas Gera
CONCEIÇÃO DAS ALAGOAS,Minas Gera
CONCEIÇÃO DE IPANEMA,Minas Gera
CONCEIÇÃO DO MATO DENTRO,Minas Gera
CONCEIÇÃO DO PARÁ,Minas Gera
CONCEIÇÃO DO RIO VERDE,Minas Gera
CONCEIÇÃO DOS OUROS,Minas Gera
CÔNEGO MARINHO,Minas Gera
CONFINS,Minas Gera
CONGONHAL,Minas Gera
CONGONHAS,Minas Gera
CONGONHAS DO NORTE,Minas Gera
CONQUISTA,Minas Gera
CONSELHEIRO LAFAIETE,Minas Gera
CONSELHEIRO PENA,Minas Gera
CONSOLAÇÃO,Minas Gera
CONTAGEM,Minas Gera
COQUEIRAL,Minas Gera
CORAÇÃO DE JESUS,Minas Gera
CORDISBURGO,Minas Gera
CORDISLÂNDIA,Minas Gera
CORINTO,Minas Gera
COROACI,Minas Gera
COROMANDEL,Minas Gera
CORONEL FABRICIANO,Minas Gera
CORONEL MURTA,Minas Gera
CORONEL PACHECO,Minas Gera
CORONEL XAVIER CHAVES,Minas Gera
CÓRREGO DANTA,Minas Gera
CÓRREGO DO BOM JESUS,Minas Gera
CÓRREGO FUNDO,Minas Gera
CÓRREGO NOVO,Minas Gera
COUTO DE MAGALHÃES DE MINAS,Minas Gera
CRISÓLITA,Minas Gera
CRISTAIS,Minas Gera
CRISTÁLIA,Minas Gera
CRISTIANO OTONI,Minas Gera
CRISTINA,Minas Gera
CRUCILÂNDIA,Minas Gera
CRUZEIRO DA FORTALEZA,Minas Gera
CRUZÍLIA,Minas Gera
CUPARAQUE,Minas Gera
CURRAL DE DENTRO,Minas Gera
CURVELO,Minas Gera
DATAS,Minas Gera
DELFIM MOREIRA,Minas Gera
DELFINÓPOLIS,Minas Gera
DELTA,Minas Gera
DESCOBERTO,Minas Gera
DESTERRO DE ENTRE RIOS,Minas Gera
DESTERRO DO MELO,Minas Gera
DIAMANTINA,Minas Gera
DIOGO DE VASCONCELOS,Minas Gera
DIONÍSIO,Minas Gera
DIVINÉSIA,Minas Gera
DIVINO,Minas Gera
DIVINO DAS LARANJEIRAS,Minas Gera
DIVINOLÂNDIA DE MINAS,Minas Gera
DIVINÓPOLIS,Minas Gera
DIVISA ALEGRE,Minas Gera
DIVISA NOVA,Minas Gera
DIVISÓPOLIS,Minas Gera
DOM BOSCO,Minas Gera
DOM CAVATI,Minas Gera
DOM JOAQUIM,Minas Gera
DOM SILVÉRIO,Minas Gera
DOM VIÇOSO,Minas Gera
DONA EUZÉBIA,Minas Gera
DORES DE CAMPOS,Minas Gera
DORES DE GUANHÃES,Minas Gera
DORES DO INDAIÁ,Minas Gera
DORES DO TURVO,Minas Gera
DORESÓPOLIS,Minas Gera
DOURADOQUARA,Minas Gera
DURANDÉ,Minas Gera
ELÓI MENDES,Minas Gera
ENGENHEIRO CALDAS,Minas Gera
ENGENHEIRO NAVARRO,Minas Gera
ENTRE FOLHAS,Minas Gera
ENTRE RIOS DE MINAS,Minas Gera
ERVÁLIA,Minas Gera
ESMERALDAS,Minas Gera
ESPERA FELIZ,Minas Gera
ESPINOSA,Minas Gera
ESPÍRITO SANTO DO DOURADO,Minas Gera
ESTIVA,Minas Gera
ESTRELA DALVA,Minas Gera
ESTRELA DO INDAIÁ,Minas Gera
ESTRELA DO SUL,Minas Gera
EUGENÓPOLIS,Minas Gera
EWBANK DA CÂMARA,Minas Gera
EXTREMA,Minas Gera
FAMA,Minas Gera
FARIA LEMOS,Minas Gera
FELÍCIO DOS SANTOS,Minas Gera
SÃO GONÇALO DO RIO PRETO,Minas Gera
FELISBURGO,Minas Gera
FELIXLÂNDIA,Minas Gera
FERNANDES TOURINHO,Minas Gera
FERROS,Minas Gera
FERVEDOURO,Minas Gera
FLORESTAL,Minas Gera
FORMIGA,Minas Gera
FORMOSO,Minas Gera
FORTALEZA DE MINAS,Minas Gera
FORTUNA DE MINAS,Minas Gera
FRANCISCO BADARÓ,Minas Gera
FRANCISCO DUMONT,Minas Gera
FRANCISCO SÁ,Minas Gera
FRANCISCÓPOLIS,Minas Gera
FREI GASPAR,Minas Gera
FREI INOCÊNCIO,Minas Gera
FREI LAGONEGRO,Minas Gera
FRONTEIRA,Minas Gera
FRONTEIRA DOS VALES,Minas Gera
FRUTA DE LEITE,Minas Gera
FRUTAL,Minas Gera
FUNILÂNDIA,Minas Gera
GALILÉIA,Minas Gera
GAMELEIRAS,Minas Gera
GLAUCILÂNDIA,Minas Gera
GOIABEIRA,Minas Gera
GOIANÁ,Minas Gera
GONÇALVES,Minas Gera
GONZAGA,Minas Gera
GOUVEIA,Minas Gera
GOVERNADOR VALADARES,Minas Gera
GRÃO MOGOL,Minas Gera
GRUPIARA,Minas Gera
GUANHÃES,Minas Gera
GUAPÉ,Minas Gera
GUARACIABA,Minas Gera
GUARACIAMA,Minas Gera
GUARANÉSIA,Minas Gera
GUARANI,Minas Gera
GUARARÁ,Minas Gera
GUARDA-MOR,Minas Gera
GUAXUPÉ,Minas Gera
GUIDOVAL,Minas Gera
GUIMARÂNIA,Minas Gera
GUIRICEMA,Minas Gera
GURINHATÃ,Minas Gera
HELIODORA,Minas Gera
IAPU,Minas Gera
IBERTIOGA,Minas Gera
IBIÁ,Minas Gera
IBIAÍ,Minas Gera
IBIRACATU,Minas Gera
IBIRACI,Minas Gera
IBIRITÉ,Minas Gera
IBITIÚRA DE MINAS,Minas Gera
IBITURUNA,Minas Gera
ICARAÍ DE MINAS,Minas Gera
IGARAPÉ,Minas Gera
IGARATINGA,Minas Gera
IGUATAMA,Minas Gera
IJACI,Minas Gera
ILICÍNEA,Minas Gera
IMBÉ DE MINAS,Minas Gera
INCONFIDENTES,Minas Gera
INDAIABIRA,Minas Gera
INDIANÓPOLIS,Minas Gera
INGAÍ,Minas Gera
INHAPIM,Minas Gera
INHAÚMA,Minas Gera
INIMUTABA,Minas Gera
IPABA,Minas Gera
IPANEMA,Minas Gera
IPATINGA,Minas Gera
IPIAÇU,Minas Gera
IPUIÚNA,Minas Gera
IRAÍ DE MINAS,Minas Gera
ITABIRA,Minas Gera
ITABIRINHA,Minas Gera
ITABIRITO,Minas Gera
ITACAMBIRA,Minas Gera
ITACARAMBI,Minas Gera
ITAGUARA,Minas Gera
ITAIPÉ,Minas Gera
ITAJUBÁ,Minas Gera
ITAMARANDIBA,Minas Gera
ITAMARATI DE MINAS,Minas Gera
ITAMBACURI,Minas Gera
ITAMBÉ DO MATO DENTRO,Minas Gera
ITAMOGI,Minas Gera
ITAMONTE,Minas Gera
ITANHANDU,Minas Gera
ITANHOMI,Minas Gera
ITAOBIM,Minas Gera
ITAPAGIPE,Minas Gera
ITAPECERICA,Minas Gera
ITAPEVA,Minas Gera
ITATIAIUÇU,Minas Gera
ITAÚ DE MINAS,Minas Gera
ITAÚNA,Minas Gera
ITAVERAVA,Minas Gera
ITINGA,Minas Gera
ITUETA,Minas Gera
ITUIUTABA,Minas Gera
ITUMIRIM,Minas Gera
ITURAMA,Minas Gera
ITUTINGA,Minas Gera
JABOTICATUBAS,Minas Gera
JACINTO,Minas Gera
JACUÍ,Minas Gera
JACUTINGA,Minas Gera
JAGUARAÇU,Minas Gera
JAÍBA,Minas Gera
JAMPRUCA,Minas Gera
JANAÚBA,Minas Gera
JANUÁRIA,Minas Gera
JAPARAÍBA,Minas Gera
JAPONVAR,Minas Gera
JECEABA,Minas Gera
JENIPAPO DE MINAS,Minas Gera
JEQUERI,Minas Gera
JEQUITAÍ,Minas Gera
JEQUITIBÁ,Minas Gera
JEQUITINHONHA,Minas Gera
JESUÂNIA,Minas Gera
JOAÍMA,Minas Gera
JOANÉSIA,Minas Gera
JOÃO MONLEVADE,Minas Gera
JOÃO PINHEIRO,Minas Gera
JOAQUIM FELÍCIO,Minas Gera
JORDÂNIA,Minas Gera
JOSÉ GONÇALVES DE MINAS,Minas Gera
JOSÉ RAYDAN,Minas Gera
JOSENÓPOLIS,Minas Gera
NOVA UNIÃO,Minas Gera
JUATUBA,Minas Gera
JUIZ DE FORA,Minas Gera
JURAMENTO,Minas Gera
JURUAIA,Minas Gera
JUVENÍLIA,Minas Gera
LADAINHA,Minas Gera
LAGAMAR,Minas Gera
LAGOA DA PRATA,Minas Gera
LAGOA DOS PATOS,Minas Gera
LAGOA DOURADA,Minas Gera
LAGOA FORMOSA,Minas Gera
LAGOA GRANDE,Minas Gera
LAGOA SANTA,Minas Gera
LAJINHA,Minas Gera
LAMBARI,Minas Gera
LAMIM,Minas Gera
LARANJAL,Minas Gera
LASSANCE,Minas Gera
LAVRAS,Minas Gera
LEANDRO FERREIRA,Minas Gera
LEME DO PRADO,Minas Gera
LEOPOLDINA,Minas Gera
LIBERDADE,Minas Gera
LIMA DUARTE,Minas Gera
LIMEIRA DO OESTE,Minas Gera
LONTRA,Minas Gera
LUISBURGO,Minas Gera
LUISLÂNDIA,Minas Gera
LUMINÁRIAS,Minas Gera
LUZ,Minas Gera
MACHACALIS,Minas Gera
MACHADO,Minas Gera
MADRE DE DEUS DE MINAS,Minas Gera
MALACACHETA,Minas Gera
MAMONAS,Minas Gera
MANGA,Minas Gera
MANHUAÇU,Minas Gera
MANHUMIRIM,Minas Gera
MANTENA,Minas Gera
MARAVILHAS,Minas Gera
MAR DE ESPANHA,Minas Gera
MARIA DA FÉ,Minas Gera
MARIANA,Minas Gera
MARILAC,Minas Gera
MÁRIO CAMPOS,Minas Gera
MARIPÁ DE MINAS,Minas Gera
MARLIÉRIA,Minas Gera
MARMELÓPOLIS,Minas Gera
MARTINHO CAMPOS,Minas Gera
MARTINS SOARES,Minas Gera
MATA VERDE,Minas Gera
MATERLÂNDIA,Minas Gera
MATEUS LEME,Minas Gera
MATIAS BARBOSA,Minas Gera
MATIAS CARDOSO,Minas Gera
MATIPÓ,Minas Gera
MATO VERDE,Minas Gera
MATOZINHOS,Minas Gera
MATUTINA,Minas Gera
MEDEIROS,Minas Gera
MEDINA,Minas Gera
MENDES PIMENTEL,Minas Gera
MERCÊS,Minas Gera
MESQUITA,Minas Gera
MINAS NOVAS,Minas Gera
MINDURI,Minas Gera
MIRABELA,Minas Gera
MIRADOURO,Minas Gera
MIRAÍ,Minas Gera
MIRAVÂNIA,Minas Gera
MOEDA,Minas Gera
MOEMA,Minas Gera
MONJOLOS,Minas Gera
MONSENHOR PAULO,Minas Gera
MONTALVÂNIA,Minas Gera
MONTE ALEGRE DE MINAS,Minas Gera
MONTE AZUL,Minas Gera
MONTE BELO,Minas Gera
MONTE CARMELO,Minas Gera
MONTE FORMOSO,Minas Gera
MONTE SANTO DE MINAS,Minas Gera
MONTES CLAROS,Minas Gera
MONTE SIÃO,Minas Gera
MONTEZUMA,Minas Gera
MORADA NOVA DE MINAS,Minas Gera
MORRO DA GARÇA,Minas Gera
MORRO DO PILAR,Minas Gera
MUNHOZ,Minas Gera
MURIAÉ,Minas Gera
MUTUM,Minas Gera
MUZAMBINHO,Minas Gera
NACIP RAYDAN,Minas Gera
NANUQUE,Minas Gera
NAQUE,Minas Gera
NATALÂNDIA,Minas Gera
NATÉRCIA,Minas Gera
NAZARENO,Minas Gera
NEPOMUCENO,Minas Gera
NINHEIRA,Minas Gera
NOVA BELÉM,Minas Gera
NOVA ERA,Minas Gera
NOVA LIMA,Minas Gera
NOVA MÓDICA,Minas Gera
NOVA PONTE,Minas Gera
NOVA PORTEIRINHA,Minas Gera
NOVA RESENDE,Minas Gera
NOVA SERRANA,Minas Gera
NOVO CRUZEIRO,Minas Gera
NOVO ORIENTE DE MINAS,Minas Gera
NOVORIZONTE,Minas Gera
OLARIA,Minas Gera
OLHOS-D'ÁGUA,Minas Gera
OLÍMPIO NORONHA,Minas Gera
OLIVEIRA,Minas Gera
OLIVEIRA FORTES,Minas Gera
ONÇA DE PITANGUI,Minas Gera
ORATÓRIOS,Minas Gera
ORIZÂNIA,Minas Gera
OURO BRANCO,Minas Gera
OURO FINO,Minas Gera
OURO PRETO,Minas Gera
OURO VERDE DE MINAS,Minas Gera
PADRE CARVALHO,Minas Gera
PADRE PARAÍSO,Minas Gera
PAINEIRAS,Minas Gera
PAINS,Minas Gera
PAI PEDRO,Minas Gera
PAIVA,Minas Gera
PALMA,Minas Gera
PALMÓPOLIS,Minas Gera
PAPAGAIOS,Minas Gera
PARACATU,Minas Gera
PARÁ DE MINAS,Minas Gera
PARAGUAÇU,Minas Gera
PARAISÓPOLIS,Minas Gera
PARAOPEBA,Minas Gera
PASSABÉM,Minas Gera
PASSA QUATRO,Minas Gera
PASSA TEMPO,Minas Gera
PASSA VINTE,Minas Gera
PASSOS,Minas Gera
PATIS,Minas Gera
PATOS DE MINAS,Minas Gera
PATROCÍNIO,Minas Gera
PATROCÍNIO DO MURIAÉ,Minas Gera
PAULA CÂNDIDO,Minas Gera
PAULISTAS,Minas Gera
PAVÃO,Minas Gera
PEÇANHA,Minas Gera
PEDRA AZUL,Minas Gera
PEDRA BONITA,Minas Gera
PEDRA DO ANTA,Minas Gera
PEDRA DO INDAIÁ,Minas Gera
PEDRA DOURADA,Minas Gera
PEDRALVA,Minas Gera
PEDRAS DE MARIA DA CRUZ,Minas Gera
PEDRINÓPOLIS,Minas Gera
PEDRO LEOPOLDO,Minas Gera
PEDRO TEIXEIRA,Minas Gera
PEQUERI,Minas Gera
PEQUI,Minas Gera
PERDIGÃO,Minas Gera
PERDIZES,Minas Gera
PERDÕES,Minas Gera
PERIQUITO,Minas Gera
PESCADOR,Minas Gera
PIAU,Minas Gera
PIEDADE DE CARATINGA,Minas Gera
PIEDADE DE PONTE NOVA,Minas Gera
PIEDADE DO RIO GRANDE,Minas Gera
PIEDADE DOS GERAIS,Minas Gera
PIMENTA,Minas Gera
PINGO-D'ÁGUA,Minas Gera
PINTÓPOLIS,Minas Gera
PIRACEMA,Minas Gera
PIRAJUBA,Minas Gera
PIRANGA,Minas Gera
PIRANGUÇU,Minas Gera
PIRANGUINHO,Minas Gera
PIRAPETINGA,Minas Gera
PIRAPORA,Minas Gera
PIRAÚBA,Minas Gera
PITANGUI,Minas Gera
PIUMHI,Minas Gera
PLANURA,Minas Gera
POÇO FUNDO,Minas Gera
POÇOS DE CALDAS,Minas Gera
POCRANE,Minas Gera
POMPÉU,Minas Gera
PONTE NOVA,Minas Gera
PONTO CHIQUE,Minas Gera
PONTO DOS VOLANTES,Minas Gera
PORTEIRINHA,Minas Gera
PORTO FIRME,Minas Gera
POTÉ,Minas Gera
POUSO ALEGRE,Minas Gera
POUSO ALTO,Minas Gera
PRADOS,Minas Gera
PRATA,Minas Gera
PRATÁPOLIS,Minas Gera
PRATINHA,Minas Gera
PRESIDENTE BERNARDES,Minas Gera
PRESIDENTE JUSCELINO,Minas Gera
PRESIDENTE KUBITSCHEK,Minas Gera
PRESIDENTE OLEGÁRIO,Minas Gera
ALTO JEQUITIBÁ,Minas Gera
PRUDENTE DE MORAIS,Minas Gera
QUARTEL GERAL,Minas Gera
QUELUZITO,Minas Gera
RAPOSOS,Minas Gera
RAUL SOARES,Minas Gera
RECREIO,Minas Gera
REDUTO,Minas Gera
RESENDE COSTA,Minas Gera
RESPLENDOR,Minas Gera
RESSAQUINHA,Minas Gera
RIACHINHO,Minas Gera
RIACHO DOS MACHADOS,Minas Gera
RIBEIRÃO DAS NEVES,Minas Gera
RIBEIRÃO VERMELHO,Minas Gera
RIO ACIMA,Minas Gera
RIO CASCA,Minas Gera
RIO DOCE,Minas Gera
RIO DO PRADO,Minas Gera
RIO ESPERA,Minas Gera
RIO MANSO,Minas Gera
RIO NOVO,Minas Gera
RIO PARANAÍBA,Minas Gera
RIO PARDO DE MINAS,Minas Gera
RIO PIRACICABA,Minas Gera
RIO POMBA,Minas Gera
RIO PRETO,Minas Gera
RIO VERMELHO,Minas Gera
RITÁPOLIS,Minas Gera
ROCHEDO DE MINAS,Minas Gera
RODEIRO,Minas Gera
ROMARIA,Minas Gera
ROSÁRIO DA LIMEIRA,Minas Gera
RUBELITA,Minas Gera
RUBIM,Minas Gera
SABARÁ,Minas Gera
SABINÓPOLIS,Minas Gera
SACRAMENTO,Minas Gera
SALINAS,Minas Gera
SALTO DA DIVISA,Minas Gera
SANTA BÁRBARA,Minas Gera
SANTA BÁRBARA DO LESTE,Minas Gera
SANTA BÁRBARA DO MONTE VERDE,Minas Gera
SANTA BÁRBARA DO TUGÚRIO,Minas Gera
SANTA CRUZ DE MINAS,Minas Gera
SANTA CRUZ DE SALINAS,Minas Gera
SANTA CRUZ DO ESCALVADO,Minas Gera
SANTA EFIGÊNIA DE MINAS,Minas Gera
SANTA FÉ DE MINAS,Minas Gera
SANTA HELENA DE MINAS,Minas Gera
SANTA JULIANA,Minas Gera
SANTA LUZIA,Minas Gera
SANTA MARGARIDA,Minas Gera
SANTA MARIA DE ITABIRA,Minas Gera
SANTA MARIA DO SALTO,Minas Gera
SANTA MARIA DO SUAÇUÍ,Minas Gera
SANTANA DA VARGEM,Minas Gera
SANTANA DE CATAGUASES,Minas Gera
SANTANA DE PIRAPAMA,Minas Gera
SANTANA DO DESERTO,Minas Gera
SANTANA DO GARAMBÉU,Minas Gera
SANTANA DO JACARÉ,Minas Gera
SANTANA DO MANHUAÇU,Minas Gera
SANTANA DO PARAÍSO,Minas Gera
SANTANA DO RIACHO,Minas Gera
SANTANA DOS MONTES,Minas Gera
SANTA RITA DE CALDAS,Minas Gera
SANTA RITA DE JACUTINGA,Minas Gera
SANTA RITA DE MINAS,Minas Gera
SANTA RITA DE IBITIPOCA,Minas Gera
SANTA RITA DO ITUETO,Minas Gera
SANTA RITA DO SAPUCAÍ,Minas Gera
SANTA ROSA DA SERRA,Minas Gera
SANTA VITÓRIA,Minas Gera
SANTO ANTÔNIO DO AMPARO,Minas Gera
SANTO ANTÔNIO DO AVENTUREIRO,Minas Gera
SANTO ANTÔNIO DO GRAMA,Minas Gera
SANTO ANTÔNIO DO ITAMBÉ,Minas Gera
SANTO ANTÔNIO DO JACINTO,Minas Gera
SANTO ANTÔNIO DO MONTE,Minas Gera
SANTO ANTÔNIO DO RETIRO,Minas Gera
SANTO ANTÔNIO DO RIO ABAIXO,Minas Gera
SANTO HIPÓLITO,Minas Gera
SANTOS DUMONT,Minas Gera
SÃO BENTO ABADE,Minas Gera
SÃO BRÁS DO SUAÇUÍ,Minas Gera
SÃO DOMINGOS DAS DORES,Minas Gera
SÃO DOMINGOS DO PRATA,Minas Gera
SÃO FÉLIX DE MINAS,Minas Gera
SÃO FRANCISCO,Minas Gera
SÃO FRANCISCO DE PAULA,Minas Gera
SÃO FRANCISCO DE SALES,Minas Gera
SÃO FRANCISCO DO GLÓRIA,Minas Gera
SÃO GERALDO,Minas Gera
SÃO GERALDO DA PIEDADE,Minas Gera
SÃO GERALDO DO BAIXIO,Minas Gera
SÃO GONÇALO DO ABAETÉ,Minas Gera
SÃO GONÇALO DO PARÁ,Minas Gera
SÃO GONÇALO DO RIO ABAIXO,Minas Gera
SÃO GONÇALO DO SAPUCAÍ,Minas Gera
SÃO GOTARDO,Minas Gera
SÃO JOÃO BATISTA DO GLÓRIA,Minas Gera
SÃO JOÃO DA LAGOA,Minas Gera
SÃO JOÃO DA MATA,Minas Gera
SÃO JOÃO DA PONTE,Minas Gera
SÃO JOÃO DAS MISSÕES,Minas Gera
SÃO JOÃO DEL REI,Minas Gera
SÃO JOÃO DO MANHUAÇU,Minas Gera
SÃO JOÃO DO MANTENINHA,Minas Gera
SÃO JOÃO DO ORIENTE,Minas Gera
SÃO JOÃO DO PACUÍ,Minas Gera
SÃO JOÃO DO PARAÍSO,Minas Gera
SÃO JOÃO EVANGELISTA,Minas Gera
SÃO JOÃO NEPOMUCENO,Minas Gera
SÃO JOAQUIM DE BICAS,Minas Gera
SÃO JOSÉ DA BARRA,Minas Gera
SÃO JOSÉ DA LAPA,Minas Gera
SÃO JOSÉ DA SAFIRA,Minas Gera
SÃO JOSÉ DA VARGINHA,Minas Gera
SÃO JOSÉ DO ALEGRE,Minas Gera
SÃO JOSÉ DO DIVINO,Minas Gera
SÃO JOSÉ DO GOIABAL,Minas Gera
SÃO JOSÉ DO JACURI,Minas Gera
SÃO JOSÉ DO MANTIMENTO,Minas Gera
SÃO LOURENÇO,Minas Gera
SÃO MIGUEL DO ANTA,Minas Gera
SÃO PEDRO DA UNIÃO,Minas Gera
SÃO PEDRO DOS FERROS,Minas Gera
SÃO PEDRO DO SUAÇUÍ,Minas Gera
SÃO ROMÃO,Minas Gera
SÃO ROQUE DE MINAS,Minas Gera
SÃO SEBASTIÃO DA BELA VISTA,Minas Gera
SÃO SEBASTIÃO DA VARGEM ALEGRE,Minas Gera
SÃO SEBASTIÃO DO ANTA,Minas Gera
SÃO SEBASTIÃO DO MARANHÃO,Minas Gera
SÃO SEBASTIÃO DO OESTE,Minas Gera
SÃO SEBASTIÃO DO PARAÍSO,Minas Gera
SÃO SEBASTIÃO DO RIO PRETO,Minas Gera
SÃO SEBASTIÃO DO RIO VERDE,Minas Gera
SÃO TIAGO,Minas Gera
SÃO TOMÁS DE AQUINO,Minas Gera
SÃO TOMÉ DAS LETRAS,Minas Gera
SÃO VICENTE DE MINAS,Minas Gera
SAPUCAÍ-MIRIM,Minas Gera
SARDOÁ,Minas Gera
SARZEDO,Minas Gera
SETUBINHA,Minas Gera
SEM-PEIXE,Minas Gera
SENADOR AMARAL,Minas Gera
SENADOR CORTES,Minas Gera
SENADOR FIRMINO,Minas Gera
SENADOR JOSÉ BENTO,Minas Gera
SENADOR MODESTINO GONÇALVES,Minas Gera
SENHORA DE OLIVEIRA,Minas Gera
SENHORA DO PORTO,Minas Gera
SENHORA DOS REMÉDIOS,Minas Gera
SERICITA,Minas Gera
SERITINGA,Minas Gera
SERRA AZUL DE MINAS,Minas Gera
SERRA DA SAUDADE,Minas Gera
SERRA DOS AIMORÉS,Minas Gera
SERRA DO SALITRE,Minas Gera
SERRANIA,Minas Gera
SERRANÓPOLIS DE MINAS,Minas Gera
SERRANOS,Minas Gera
SERRO,Minas Gera
SETE LAGOAS,Minas Gera
SILVEIRÂNIA,Minas Gera
SILVIANÓPOLIS,Minas Gera
SIMÃO PEREIRA,Minas Gera
SIMONÉSIA,Minas Gera
SOBRÁLIA,Minas Gera
SOLEDADE DE MINAS,Minas Gera
TABULEIRO,Minas Gera
TAIOBEIRAS,Minas Gera
TAPARUBA,Minas Gera
TAPIRA,Minas Gera
TAPIRAÍ,Minas Gera
TAQUARAÇU DE MINAS,Minas Gera
TARUMIRIM,Minas Gera
TEIXEIRAS,Minas Gera
TEÓFILO OTONI,Minas Gera
TIMÓTEO,Minas Gera
TIRADENTES,Minas Gera
TIROS,Minas Gera
TOCANTINS,Minas Gera
TOCOS DO MOJI,Minas Gera
TOLEDO,Minas Gera
TOMBOS,Minas Gera
TRÊS CORAÇÕES,Minas Gera
TRÊS MARIAS,Minas Gera
TRÊS PONTAS,Minas Gera
TUMIRITINGA,Minas Gera
TUPACIGUARA,Minas Gera
TURMALINA,Minas Gera
TURVOLÂNDIA,Minas Gera
UBÁ,Minas Gera
UBAÍ,Minas Gera
UBAPORANGA,Minas Gera
UBERABA,Minas Gera
UBERLÂNDIA,Minas Gera
UMBURATIBA,Minas Gera
UNAÍ,Minas Gera
UNIÃO DE MINAS,Minas Gera
URUANA DE MINAS,Minas Gera
URUCÂNIA,Minas Gera
URUCUIA,Minas Gera
VARGEM ALEGRE,Minas Gera
VARGEM BONITA,Minas Gera
VARGEM GRANDE DO RIO PARDO,Minas Gera
VARGINHA,Minas Gera
VARJÃO DE MINAS,Minas Gera
VÁRZEA DA PALMA,Minas Gera
VARZELÂNDIA,Minas Gera
VAZANTE,Minas Gera
VERDELÂNDIA,Minas Gera
VEREDINHA,Minas Gera
VERÍSSIMO,Minas Gera
VERMELHO NOVO,Minas Gera
VESPASIANO,Minas Gera
VIÇOSA,Minas Gera
VIEIRAS,Minas Gera
MATHIAS LOBATO,Minas Gera
VIRGEM DA LAPA,Minas Gera
VIRGÍNIA,Minas Gera
VIRGINÓPOLIS,Minas Gera
VIRGOLÂNDIA,Minas Gera
VISCONDE DO RIO BRANCO,Minas Gera
VOLTA GRANDE,Minas Gera
WENCESLAU BRAZ,Minas Gera
AFONSO CLÁUDIO,Espírito S
ÁGUIA BRANCA,Espírito S
ÁGUA DOCE DO NORTE,Espírito S
ALEGRE,Espírito S
ALFREDO CHAVES,Espírito S
ALTO RIO NOVO,Espírito S
ANCHIETA,Espírito S
APIACÁ,Espírito S
ARACRUZ,Espírito S
ATÍLIO VIVÁCQUA,Espírito S
BAIXO GUANDU,Espírito S
BARRA DE SÃO FRANCISCO,Espírito S
BOA ESPERANÇA,Espírito S
BOM JESUS DO NORTE,Espírito S
BREJETUBA,Espírito S
CACHOEIRO DE ITAPEMIRIM,Espírito S
CARIACICA,Espírito S
CASTELO,Espírito S
COLATINA,Espírito S
CONCEIÇÃO DA BARRA,Espírito S
CONCEIÇÃO DO CASTELO,Espírito S
DIVINO DE SÃO LOURENÇO,Espírito S
DOMINGOS MARTINS,Espírito S
DORES DO RIO PRETO,Espírito S
ECOPORANGA,Espírito S
FUNDÃO,Espírito S
GOVERNADOR LINDENBERG,Espírito S
GUAÇUÍ,Espírito S
GUARAPARI,Espírito S
IBATIBA,Espírito S
IBIRAÇU,Espírito S
IBITIRAMA,Espírito S
ICONHA,Espírito S
IRUPI,Espírito S
ITAGUAÇU,Espírito S
ITAPEMIRIM,Espírito S
ITARANA,Espírito S
IÚNA,Espírito S
JAGUARÉ,Espírito S
JERÔNIMO MONTEIRO,Espírito S
JOÃO NEIVA,Espírito S
LARANJA DA TERRA,Espírito S
LINHARES,Espírito S
MANTENÓPOLIS,Espírito S
MARATAÍZES,Espírito S
MARECHAL FLORIANO,Espírito S
MARILÂNDIA,Espírito S
MIMOSO DO SUL,Espírito S
MONTANHA,Espírito S
MUCURICI,Espírito S
MUNIZ FREIRE,Espírito S
MUQUI,Espírito S
NOVA VENÉCIA,Espírito S
PANCAS,Espírito S
PEDRO CANÁRIO,Espírito S
PINHEIROS,Espírito S
PIÚMA,Espírito S
PONTO BELO,Espírito S
PRESIDENTE KENNEDY,Espírito S
RIO BANANAL,Espírito S
RIO NOVO DO SUL,Espírito S
SANTA LEOPOLDINA,Espírito S
SANTA MARIA DE JETIBÁ,Espírito S
SANTA TERESA,Espírito S
SÃO DOMINGOS DO NORTE,Espírito S
SÃO GABRIEL DA PALHA,Espírito S
SÃO JOSÉ DO CALÇADO,Espírito S
SÃO MATEUS,Espírito S
SÃO ROQUE DO CANAÃ,Espírito S
SERRA,Espírito S
SOORETAMA,Espírito S
VARGEM ALTA,Espírito S
VENDA NOVA DO IMIGRANTE,Espírito S
VIANA,Espírito S
VILA PAVÃO,Espírito S
VILA VALÉRIO,Espírito S
VILA VELHA,Espírito S
VITÓRIA,Espírito S
ANGRA DOS REIS,Rio de Jan
APERIBÉ,Rio de Jan
ARARUAMA,Rio de Jan
AREAL,Rio de Jan
ARMAÇÃO DOS BÚZIOS,Rio de Jan
ARRAIAL DO CABO,Rio de Jan
BARRA DO PIRAÍ,Rio de Jan
BARRA MANSA,Rio de Jan
BELFORD ROXO,Rio de Jan
BOM JARDIM,Rio de Jan
BOM JESUS DO ITABAPOANA,Rio de Jan
CABO FRIO,Rio de Jan
CACHOEIRAS DE MACACU,Rio de Jan
CAMBUCI,Rio de Jan
CARAPEBUS,Rio de Jan
COMENDADOR LEVY GASPARIAN,Rio de Jan
CAMPOS DOS GOYTACAZES,Rio de Jan
CANTAGALO,Rio de Jan
CARDOSO MOREIRA,Rio de Jan
CARMO,Rio de Jan
CASIMIRO DE ABREU,Rio de Jan
CONCEIÇÃO DE MACABU,Rio de Jan
CORDEIRO,Rio de Jan
DUAS BARRAS,Rio de Jan
DUQUE DE CAXIAS,Rio de Jan
ENGENHEIRO PAULO DE FRONTIN,Rio de Jan
GUAPIMIRIM,Rio de Jan
IGUABA GRANDE,Rio de Jan
ITABORAÍ,Rio de Jan
ITAGUAÍ,Rio de Jan
ITALVA,Rio de Jan
ITAOCARA,Rio de Jan
ITAPERUNA,Rio de Jan
ITATIAIA,Rio de Jan
JAPERI,Rio de Jan
LAJE DO MURIAÉ,Rio de Jan
MACAÉ,Rio de Jan
MACUCO,Rio de Jan
MAGÉ,Rio de Jan
MANGARATIBA,Rio de Jan
MARICÁ,Rio de Jan
MENDES,Rio de Jan
MESQUITA,Rio de Jan
MIGUEL PEREIRA,Rio de Jan
MIRACEMA,Rio de Jan
NATIVIDADE,Rio de Jan
NILÓPOLIS,Rio de Jan
NITERÓI,Rio de Jan
NOVA FRIBURGO,Rio de Jan
NOVA IGUAÇU,Rio de Jan
PARACAMBI,Rio de Jan
PARAÍBA DO SUL,Rio de Jan
PARATY,Rio de Jan
PATY DO ALFERES,Rio de Jan
PETRÓPOLIS,Rio de Jan
PINHEIRAL,Rio de Jan
PIRAÍ,Rio de Jan
PORCIÚNCULA,Rio de Jan
PORTO REAL,Rio de Jan
QUATIS,Rio de Jan
QUEIMADOS,Rio de Jan
QUISSAMÃ,Rio de Jan
RESENDE,Rio de Jan
RIO BONITO,Rio de Jan
RIO CLARO,Rio de Jan
RIO DAS FLORES,Rio de Jan
RIO DAS OSTRAS,Rio de Jan
RIO DE JANEIRO,Rio de Jan
SANTA MARIA MADALENA,Rio de Jan
SANTO ANTÔNIO DE PÁDUA,Rio de Jan
SÃO FRANCISCO DE ITABAPOANA,Rio de Jan
SÃO FIDÉLIS,Rio de Jan
SÃO GONÇALO,Rio de Jan
SÃO JOÃO DA BARRA,Rio de Jan
SÃO JOÃO DE MERITI,Rio de Jan
SÃO JOSÉ DE UBÁ,Rio de Jan
SÃO JOSÉ DO VALE DO RIO PRETO,Rio de Jan
SÃO PEDRO DA ALDEIA,Rio de Jan
SÃO SEBASTIÃO DO ALTO,Rio de Jan
SAPUCAIA,Rio de Jan
SAQUAREMA,Rio de Jan
SEROPÉDICA,Rio de Jan
SILVA JARDIM,Rio de Jan
SUMIDOURO,Rio de Jan
TANGUÁ,Rio de Jan
TERESÓPOLIS,Rio de Jan
TRAJANO DE MORAES,Rio de Jan
TRÊS RIOS,Rio de Jan
VALENÇA,Rio de Jan
VARRE-SAI,Rio de Jan
VASSOURAS,Rio de Jan
VOLTA REDONDA,Rio de Jan
ADAMANTINA,São Paulo
ADOLFO,São Paulo
AGUAÍ,São Paulo
ÁGUAS DA PRATA,São Paulo
ÁGUAS DE LINDÓIA,São Paulo
ÁGUAS DE SANTA BÁRBARA,São Paulo
ÁGUAS DE SÃO PEDRO,São Paulo
AGUDOS,São Paulo
ALAMBARI,São Paulo
ALFREDO MARCONDES,São Paulo
ALTAIR,São Paulo
ALTINÓPOLIS,São Paulo
ALTO ALEGRE,São Paulo
ALUMÍNIO,São Paulo
ÁLVARES FLORENCE,São Paulo
ÁLVARES MACHADO,São Paulo
ÁLVARO DE CARVALHO,São Paulo
ALVINLÂNDIA,São Paulo
AMERICANA,São Paulo
AMÉRICO BRASILIENSE,São Paulo
AMÉRICO DE CAMPOS,São Paulo
AMPARO,São Paulo
ANALÂNDIA,São Paulo
ANDRADINA,São Paulo
ANGATUBA,São Paulo
ANHEMBI,São Paulo
ANHUMAS,São Paulo
APARECIDA,São Paulo
APARECIDA D'OESTE,São Paulo
APIAÍ,São Paulo
ARAÇARIGUAMA,São Paulo
ARAÇATUBA,São Paulo
ARAÇOIABA DA SERRA,São Paulo
ARAMINA,São Paulo
ARANDU,São Paulo
ARAPEÍ,São Paulo
ARARAQUARA,São Paulo
ARARAS,São Paulo
ARCO-ÍRIS,São Paulo
AREALVA,São Paulo
AREIAS,São Paulo
AREIÓPOLIS,São Paulo
ARIRANHA,São Paulo
ARTUR NOGUEIRA,São Paulo
ARUJÁ,São Paulo
ASPÁSIA,São Paulo
ASSIS,São Paulo
ATIBAIA,São Paulo
AURIFLAMA,São Paulo
AVAÍ,São Paulo
AVANHANDAVA,São Paulo
AVARÉ,São Paulo
BADY BASSITT,São Paulo
BALBINOS,São Paulo
BÁLSAMO,São Paulo
BANANAL,São Paulo
BARÃO DE ANTONINA,São Paulo
BARBOSA,São Paulo
BARIRI,São Paulo
BARRA BONITA,São Paulo
BARRA DO CHAPÉU,São Paulo
BARRA DO TURVO,São Paulo
BARRETOS,São Paulo
BARRINHA,São Paulo
BARUERI,São Paulo
BASTOS,São Paulo
BATATAIS,São Paulo
BAURU,São Paulo
BEBEDOURO,São Paulo
BENTO DE ABREU,São Paulo
BERNARDINO DE CAMPOS,São Paulo
BERTIOGA,São Paulo
BILAC,São Paulo
BIRIGUI,São Paulo
BIRITIBA MIRIM,São Paulo
BOA ESPERANÇA DO SUL,São Paulo
BOCAINA,São Paulo
BOFETE,São Paulo
BOITUVA,São Paulo
BOM JESUS DOS PERDÕES,São Paulo
BOM SUCESSO DE ITARARÉ,São Paulo
BORÁ,São Paulo
BORACÉIA,São Paulo
BORBOREMA,São Paulo
BOREBI,São Paulo
BOTUCATU,São Paulo
BRAGANÇA PAULISTA,São Paulo
BRAÚNA,São Paulo
BREJO ALEGRE,São Paulo
BRODOWSKI,São Paulo
BROTAS,São Paulo
BURI,São Paulo
BURITAMA,São Paulo
BURITIZAL,São Paulo
CABRÁLIA PAULISTA,São Paulo
CABREÚVA,São Paulo
CAÇAPAVA,São Paulo
CACHOEIRA PAULISTA,São Paulo
CACONDE,São Paulo
CAFELÂNDIA,São Paulo
CAIABU,São Paulo
CAIEIRAS,São Paulo
CAIUÁ,São Paulo
CAJAMAR,São Paulo
CAJATI,São Paulo
CAJOBI,São Paulo
CAJURU,São Paulo
CAMPINA DO MONTE ALEGRE,São Paulo
CAMPINAS,São Paulo
CAMPO LIMPO PAULISTA,São Paulo
CAMPOS DO JORDÃO,São Paulo
CAMPOS NOVOS PAULISTA,São Paulo
CANANÉIA,São Paulo
CANAS,São Paulo
CÂNDIDO MOTA,São Paulo
CÂNDIDO RODRIGUES,São Paulo
CANITAR,São Paulo
CAPÃO BONITO,São Paulo
CAPELA DO ALTO,São Paulo
CAPIVARI,São Paulo
CARAGUATATUBA,São Paulo
CARAPICUÍBA,São Paulo
CARDOSO,São Paulo
CASA BRANCA,São Paulo
CÁSSIA DOS COQUEIROS,São Paulo
CASTILHO,São Paulo
CATANDUVA,São Paulo
CATIGUÁ,São Paulo
CEDRAL,São Paulo
CERQUEIRA CÉSAR,São Paulo
CERQUILHO,São Paulo
CESÁRIO LANGE,São Paulo
CHARQUEADA,São Paulo
CLEMENTINA,São Paulo
COLINA,São Paulo
COLÔMBIA,São Paulo
CONCHAL,São Paulo
CONCHAS,São Paulo
CORDEIRÓPOLIS,São Paulo
COROADOS,São Paulo
CORONEL MACEDO,São Paulo
CORUMBATAÍ,São Paulo
COSMÓPOLIS,São Paulo
COSMORAMA,São Paulo
COTIA,São Paulo
CRAVINHOS,São Paulo
CRISTAIS PAULISTA,São Paulo
CRUZÁLIA,São Paulo
CRUZEIRO,São Paulo
CUBATÃO,São Paulo
CUNHA,São Paulo
DESCALVADO,São Paulo
DIADEMA,São Paulo
DIRCE REIS,São Paulo
DIVINOLÂNDIA,São Paulo
DOBRADA,São Paulo
DOIS CÓRREGOS,São Paulo
DOLCINÓPOLIS,São Paulo
DOURADO,São Paulo
DRACENA,São Paulo
DUARTINA,São Paulo
DUMONT,São Paulo
ECHAPORÃ,São Paulo
ELDORADO,São Paulo
ELIAS FAUSTO,São Paulo
ELISIÁRIO,São Paulo
EMBAÚBA,São Paulo
EMBU DAS ARTES,São Paulo
EMBU-GUAÇU,São Paulo
EMILIANÓPOLIS,São Paulo
ENGENHEIRO COELHO,São Paulo
ESPÍRITO SANTO DO PINHAL,São Paulo
ESPÍRITO SANTO DO TURVO,São Paulo
ESTRELA D'OESTE,São Paulo
ESTRELA DO NORTE,São Paulo
EUCLIDES DA CUNHA PAULISTA,São Paulo
FARTURA,São Paulo
FERNANDÓPOLIS,São Paulo
FERNANDO PRESTES,São Paulo
FERNÃO,São Paulo
FERRAZ DE VASCONCELOS,São Paulo
FLORA RICA,São Paulo
FLOREAL,São Paulo
FLÓRIDA PAULISTA,São Paulo
FLORÍNEA,São Paulo
FRANCA,São Paulo
FRANCISCO MORATO,São Paulo
FRANCO DA ROCHA,São Paulo
GABRIEL MONTEIRO,São Paulo
GÁLIA,São Paulo
GARÇA,São Paulo
GASTÃO VIDIGAL,São Paulo
GAVIÃO PEIXOTO,São Paulo
GENERAL SALGADO,São Paulo
GETULINA,São Paulo
GLICÉRIO,São Paulo
GUAIÇARA,São Paulo
GUAIMBÊ,São Paulo
GUAÍRA,São Paulo
GUAPIAÇU,São Paulo
GUAPIARA,São Paulo
GUARÁ,São Paulo
GUARAÇAÍ,São Paulo
GUARACI,São Paulo
GUARANI D'OESTE,São Paulo
GUARANTÃ,São Paulo
GUARARAPES,São Paulo
GUARAREMA,São Paulo
GUARATINGUETÁ,São Paulo
GUAREÍ,São Paulo
GUARIBA,São Paulo
GUARUJÁ,São Paulo
GUARULHOS,São Paulo
GUATAPARÁ,São Paulo
GUZOLÂNDIA,São Paulo
HERCULÂNDIA,São Paulo
HOLAMBRA,São Paulo
HORTOLÂNDIA,São Paulo
IACANGA,São Paulo
IACRI,São Paulo
IARAS,São Paulo
IBATÉ,São Paulo
IBIRÁ,São Paulo
IBIRAREMA,São Paulo
IBITINGA,São Paulo
IBIÚNA,São Paulo
ICÉM,São Paulo
IEPÊ,São Paulo
IGARAÇU DO TIETÊ,São Paulo
IGARAPAVA,São Paulo
IGARATÁ,São Paulo
IGUAPE,São Paulo
ILHABELA,São Paulo
ILHA COMPRIDA,São Paulo
ILHA SOLTEIRA,São Paulo
INDAIATUBA,São Paulo
INDIANA,São Paulo
INDIAPORÃ,São Paulo
INÚBIA PAULISTA,São Paulo
IPAUSSU,São Paulo
IPERÓ,São Paulo
IPEÚNA,São Paulo
IPIGUÁ,São Paulo
IPORANGA,São Paulo
IPUÃ,São Paulo
IRACEMÁPOLIS,São Paulo
IRAPUÃ,São Paulo
IRAPURU,São Paulo
ITABERÁ,São Paulo
ITAÍ,São Paulo
ITAJOBI,São Paulo
ITAJU,São Paulo
ITANHAÉM,São Paulo
ITAOCA,São Paulo
ITAPECERICA DA SERRA,São Paulo
ITAPETININGA,São Paulo
ITAPEVA,São Paulo
ITAPEVI,São Paulo
ITAPIRA,São Paulo
ITAPIRAPUÃ PAULISTA,São Paulo
ITÁPOLIS,São Paulo
ITAPORANGA,São Paulo
ITAPUÍ,São Paulo
ITAPURA,São Paulo
ITAQUAQUECETUBA,São Paulo
ITARARÉ,São Paulo
ITARIRI,São Paulo
ITATIBA,São Paulo
ITATINGA,São Paulo
ITIRAPINA,São Paulo
ITIRAPUÃ,São Paulo
ITOBI,São Paulo
ITU,São Paulo
ITUPEVA,São Paulo
ITUVERAVA,São Paulo
JABORANDI,São Paulo
JABOTICABAL,São Paulo
JACAREÍ,São Paulo
JACI,São Paulo
JACUPIRANGA,São Paulo
JAGUARIÚNA,São Paulo
JALES,São Paulo
JAMBEIRO,São Paulo
JANDIRA,São Paulo
JARDINÓPOLIS,São Paulo
JARINU,São Paulo
JAÚ,São Paulo
JERIQUARA,São Paulo
JOANÓPOLIS,São Paulo
JOÃO RAMALHO,São Paulo
JOSÉ BONIFÁCIO,São Paulo
JÚLIO MESQUITA,São Paulo
JUMIRIM,São Paulo
JUNDIAÍ,São Paulo
JUNQUEIRÓPOLIS,São Paulo
JUQUIÁ,São Paulo
JUQUITIBA,São Paulo
LAGOINHA,São Paulo
LARANJAL PAULISTA,São Paulo
LAVÍNIA,São Paulo
LAVRINHAS,São Paulo
LEME,São Paulo
LENÇÓIS PAULISTA,São Paulo
LIMEIRA,São Paulo
LINDÓIA,São Paulo
LINS,São Paulo
LORENA,São Paulo
LOURDES,São Paulo
LOUVEIRA,São Paulo
LUCÉLIA,São Paulo
LUCIANÓPOLIS,São Paulo
LUÍS ANTÔNIO,São Paulo
LUIZIÂNIA,São Paulo
LUPÉRCIO,São Paulo
LUTÉCIA,São Paulo
MACATUBA,São Paulo
MACAUBAL,São Paulo
MACEDÔNIA,São Paulo
MAGDA,São Paulo
MAIRINQUE,São Paulo
MAIRIPORÃ,São Paulo
MANDURI,São Paulo
MARABÁ PAULISTA,São Paulo
MARACAÍ,São Paulo
MARAPOAMA,São Paulo
MARIÁPOLIS,São Paulo
MARÍLIA,São Paulo
MARINÓPOLIS,São Paulo
MARTINÓPOLIS,São Paulo
MATÃO,São Paulo
MAUÁ,São Paulo
MENDONÇA,São Paulo
MERIDIANO,São Paulo
MESÓPOLIS,São Paulo
MIGUELÓPOLIS,São Paulo
MINEIROS DO TIETÊ,São Paulo
MIRACATU,São Paulo
MIRA ESTRELA,São Paulo
MIRANDÓPOLIS,São Paulo
MIRANTE DO PARANAPANEMA,São Paulo
MIRASSOL,São Paulo
MIRASSOLÂNDIA,São Paulo
MOCOCA,São Paulo
MOGI DAS CRUZES,São Paulo
MOGI GUAÇU,São Paulo
MOGI MIRIM,São Paulo
MOMBUCA,São Paulo
MONÇÕES,São Paulo
MONGAGUÁ,São Paulo
MONTE ALEGRE DO SUL,São Paulo
MONTE ALTO,São Paulo
MONTE APRAZÍVEL,São Paulo
MONTE AZUL PAULISTA,São Paulo
MONTE CASTELO,São Paulo
MONTEIRO LOBATO,São Paulo
MONTE MOR,São Paulo
MORRO AGUDO,São Paulo
MORUNGABA,São Paulo
MOTUCA,São Paulo
MURUTINGA DO SUL,São Paulo
NANTES,São Paulo
NARANDIBA,São Paulo
NATIVIDADE DA SERRA,São Paulo
NAZARÉ PAULISTA,São Paulo
NEVES PAULISTA,São Paulo
NHANDEARA,São Paulo
NIPOÃ,São Paulo
NOVA ALIANÇA,São Paulo
NOVA CAMPINA,São Paulo
NOVA CANAÃ PAULISTA,São Paulo
NOVA CASTILHO,São Paulo
NOVA EUROPA,São Paulo
NOVA GRANADA,São Paulo
NOVA GUATAPORANGA,São Paulo
NOVA INDEPENDÊNCIA,São Paulo
NOVAIS,São Paulo
NOVA LUZITÂNIA,São Paulo
NOVA ODESSA,São Paulo
NOVO HORIZONTE,São Paulo
NUPORANGA,São Paulo
OCAUÇU,São Paulo
ÓLEO,São Paulo
OLÍMPIA,São Paulo
ONDA VERDE,São Paulo
ORIENTE,São Paulo
ORINDIÚVA,São Paulo
ORLÂNDIA,São Paulo
OSASCO,São Paulo
OSCAR BRESSANE,São Paulo
OSVALDO CRUZ,São Paulo
OURINHOS,São Paulo
OUROESTE,São Paulo
OURO VERDE,São Paulo
PACAEMBU,São Paulo
PALESTINA,São Paulo
PALMARES PAULISTA,São Paulo
PALMEIRA D'OESTE,São Paulo
PALMITAL,São Paulo
PANORAMA,São Paulo
PARAGUAÇU PAULISTA,São Paulo
PARAIBUNA,São Paulo
PARAÍSO,São Paulo
PARANAPANEMA,São Paulo
PARANAPUÃ,São Paulo
PARAPUÃ,São Paulo
PARDINHO,São Paulo
PARIQUERA-AÇU,São Paulo
PARISI,São Paulo
PATROCÍNIO PAULISTA,São Paulo
PAULICÉIA,São Paulo
PAULÍNIA,São Paulo
PAULISTÂNIA,São Paulo
PAULO DE FARIA,São Paulo
PEDERNEIRAS,São Paulo
PEDRA BELA,São Paulo
PEDRANÓPOLIS,São Paulo
PEDREGULHO,São Paulo
PEDREIRA,São Paulo
PEDRINHAS PAULISTA,São Paulo
PEDRO DE TOLEDO,São Paulo
PENÁPOLIS,São Paulo
PEREIRA BARRETO,São Paulo
PEREIRAS,São Paulo
PERUÍBE,São Paulo
PIACATU,São Paulo
PIEDADE,São Paulo
PILAR DO SUL,São Paulo
PINDAMONHANGABA,São Paulo
PINDORAMA,São Paulo
PINHALZINHO,São Paulo
PIQUEROBI,São Paulo
PIQUETE,São Paulo
PIRACAIA,São Paulo
PIRACICABA,São Paulo
PIRAJU,São Paulo
PIRAJUÍ,São Paulo
PIRANGI,São Paulo
PIRAPORA DO BOM JESUS,São Paulo
PIRAPOZINHO,São Paulo
PIRASSUNUNGA,São Paulo
PIRATININGA,São Paulo
PITANGUEIRAS,São Paulo
PLANALTO,São Paulo
PLATINA,São Paulo
POÁ,São Paulo
POLONI,São Paulo
POMPÉIA,São Paulo
PONGAÍ,São Paulo
PONTAL,São Paulo
PONTALINDA,São Paulo
PONTES GESTAL,São Paulo
POPULINA,São Paulo
PORANGABA,São Paulo
PORTO FELIZ,São Paulo
PORTO FERREIRA,São Paulo
POTIM,São Paulo
POTIRENDABA,São Paulo
PRACINHA,São Paulo
PRADÓPOLIS,São Paulo
PRAIA GRANDE,São Paulo
PRATÂNIA,São Paulo
PRESIDENTE ALVES,São Paulo
PRESIDENTE BERNARDES,São Paulo
PRESIDENTE EPITÁCIO,São Paulo
PRESIDENTE PRUDENTE,São Paulo
PRESIDENTE VENCESLAU,São Paulo
PROMISSÃO,São Paulo
QUADRA,São Paulo
QUATÁ,São Paulo
QUEIROZ,São Paulo
QUELUZ,São Paulo
QUINTANA,São Paulo
RAFARD,São Paulo
RANCHARIA,São Paulo
REDENÇÃO DA SERRA,São Paulo
REGENTE FEIJÓ,São Paulo
REGINÓPOLIS,São Paulo
REGISTRO,São Paulo
RESTINGA,São Paulo
RIBEIRA,São Paulo
RIBEIRÃO BONITO,São Paulo
RIBEIRÃO BRANCO,São Paulo
RIBEIRÃO CORRENTE,São Paulo
RIBEIRÃO DO SUL,São Paulo
RIBEIRÃO DOS ÍNDIOS,São Paulo
RIBEIRÃO GRANDE,São Paulo
RIBEIRÃO PIRES,São Paulo
RIBEIRÃO PRETO,São Paulo
RIVERSUL,São Paulo
RIFAINA,São Paulo
RINCÃO,São Paulo
RINÓPOLIS,São Paulo
RIO CLARO,São Paulo
RIO DAS PEDRAS,São Paulo
RIO GRANDE DA SERRA,São Paulo
RIOLÂNDIA,São Paulo
ROSANA,São Paulo
ROSEIRA,São Paulo
RUBIÁCEA,São Paulo
RUBINÉIA,São Paulo
SABINO,São Paulo
SAGRES,São Paulo
SALES,São Paulo
SALES OLIVEIRA,São Paulo
SALESÓPOLIS,São Paulo
SALMOURÃO,São Paulo
SALTINHO,São Paulo
SALTO,São Paulo
SALTO DE PIRAPORA,São Paulo
SALTO GRANDE,São Paulo
SANDOVALINA,São Paulo
SANTA ADÉLIA,São Paulo
SANTA ALBERTINA,São Paulo
SANTA BÁRBARA D'OESTE,São Paulo
SANTA BRANCA,São Paulo
SANTA CLARA D'OESTE,São Paulo
SANTA CRUZ DA CONCEIÇÃO,São Paulo
SANTA CRUZ DA ESPERANÇA,São Paulo
SANTA CRUZ DAS PALMEIRAS,São Paulo
SANTA CRUZ DO RIO PARDO,São Paulo
SANTA ERNESTINA,São Paulo
SANTA FÉ DO SUL,São Paulo
SANTA GERTRUDES,São Paulo
SANTA ISABEL,São Paulo
SANTA LÚCIA,São Paulo
SANTA MARIA DA SERRA,São Paulo
SANTA MERCEDES,São Paulo
SANTANA DA PONTE PENSA,São Paulo
SANTANA DE PARNAÍBA,São Paulo
SANTA RITA D'OESTE,São Paulo
SANTA RITA DO PASSA QUATRO,São Paulo
SANTA ROSA DE VITERBO,São Paulo
SANTA SALETE,São Paulo
SANTO ANASTÁCIO,São Paulo
SANTO ANDRÉ,São Paulo
SANTO ANTÔNIO DA ALEGRIA,São Paulo
SANTO ANTÔNIO DE POSSE,São Paulo
SANTO ANTÔNIO DO ARACANGUÁ,São Paulo
SANTO ANTÔNIO DO JARDIM,São Paulo
SANTO ANTÔNIO DO PINHAL,São Paulo
SANTO EXPEDITO,São Paulo
SANTÓPOLIS DO AGUAPEÍ,São Paulo
SANTOS,São Paulo
SÃO BENTO DO SAPUCAÍ,São Paulo
SÃO BERNARDO DO CAMPO,São Paulo
SÃO CAETANO DO SUL,São Paulo
SÃO CARLOS,São Paulo
SÃO FRANCISCO,São Paulo
SÃO JOÃO DA BOA VISTA,São Paulo
SÃO JOÃO DAS DUAS PONTES,São Paulo
SÃO JOÃO DE IRACEMA,São Paulo
SÃO JOÃO DO PAU D'ALHO,São Paulo
SÃO JOAQUIM DA BARRA,São Paulo
SÃO JOSÉ DA BELA VISTA,São Paulo
SÃO JOSÉ DO BARREIRO,São Paulo
SÃO JOSÉ DO RIO PARDO,São Paulo
SÃO JOSÉ DO RIO PRETO,São Paulo
SÃO JOSÉ DOS CAMPOS,São Paulo
SÃO LOURENÇO DA SERRA,São Paulo
SÃO LUIZ DO PARAITINGA,São Paulo
SÃO MANUEL,São Paulo
SÃO MIGUEL ARCANJO,São Paulo
SÃO PAULO,São Paulo
SÃO PEDRO,São Paulo
SÃO PEDRO DO TURVO,São Paulo
SÃO ROQUE,São Paulo
SÃO SEBASTIÃO,São Paulo
SÃO SEBASTIÃO DA GRAMA,São Paulo
SÃO SIMÃO,São Paulo
SÃO VICENTE,São Paulo
SARAPUÍ,São Paulo
SARUTAIÁ,São Paulo
SEBASTIANÓPOLIS DO SUL,São Paulo
SERRA AZUL,São Paulo
SERRANA,São Paulo
SERRA NEGRA,São Paulo
SERTÃOZINHO,São Paulo
SETE BARRAS,São Paulo
SEVERÍNIA,São Paulo
SILVEIRAS,São Paulo
SOCORRO,São Paulo
SOROCABA,São Paulo
SUD MENNUCCI,São Paulo
SUMARÉ,São Paulo
SUZANO,São Paulo
SUZANÁPOLIS,São Paulo
TABAPUÃ,São Paulo
TABATINGA,São Paulo
TABOÃO DA SERRA,São Paulo
TACIBA,São Paulo
TAGUAÍ,São Paulo
TAIAÇU,São Paulo
TAIÚVA,São Paulo
TAMBAÚ,São Paulo
TANABI,São Paulo
TAPIRAÍ,São Paulo
TAPIRATIBA,São Paulo
TAQUARAL,São Paulo
TAQUARITINGA,São Paulo
TAQUARITUBA,São Paulo
TAQUARIVAÍ,São Paulo
TARABAI,São Paulo
TARUMÃ,São Paulo
TATUÍ,São Paulo
TAUBATÉ,São Paulo
TEJUPÁ,São Paulo
TEODORO SAMPAIO,São Paulo
TERRA ROXA,São Paulo
TIETÊ,São Paulo
TIMBURI,São Paulo
TORRE DE PEDRA,São Paulo
TORRINHA,São Paulo
TRABIJU,São Paulo
TREMEMBÉ,São Paulo
TRÊS FRONTEIRAS,São Paulo
TUIUTI,São Paulo
TUPÃ,São Paulo
TUPI PAULISTA,São Paulo
TURIÚBA,São Paulo
TURMALINA,São Paulo
UBARANA,São Paulo
UBATUBA,São Paulo
UBIRAJARA,São Paulo
UCHOA,São Paulo
UNIÃO PAULISTA,São Paulo
URÂNIA,São Paulo
URU,São Paulo
URUPÊS,São Paulo
VALENTIM GENTIL,São Paulo
VALINHOS,São Paulo
VALPARAÍSO,São Paulo
VARGEM,São Paulo
VARGEM GRANDE DO SUL,São Paulo
VARGEM GRANDE PAULISTA,São Paulo
VÁRZEA PAULISTA,São Paulo
VERA CRUZ,São Paulo
VINHEDO,São Paulo
VIRADOURO,São Paulo
VISTA ALEGRE DO ALTO,São Paulo
VITÓRIA BRASIL,São Paulo
VOTORANTIM,São Paulo
VOTUPORANGA,São Paulo
ZACARIAS,São Paulo
CHAVANTES,São Paulo
ESTIVA GERBI,São Paulo
ABATIÁ,Paraná
ADRIANÓPOLIS,Paraná
AGUDOS DO SUL,Paraná
ALMIRANTE TAMANDARÉ,Paraná
ALTAMIRA DO PARANÁ,Paraná
ALTÔNIA,Paraná
ALTO PARANÁ,Paraná
ALTO PIQUIRI,Paraná
ALVORADA DO SUL,Paraná
AMAPORÃ,Paraná
AMPÉRE,Paraná
ANAHY,Paraná
ANDIRÁ,Paraná
ÂNGULO,Paraná
ANTONINA,Paraná
ANTÔNIO OLINTO,Paraná
APUCARANA,Paraná
ARAPONGAS,Paraná
ARAPOTI,Paraná
ARAPUÃ,Paraná
ARARUNA,Paraná
ARAUCÁRIA,Paraná
ARIRANHA DO IVAÍ,Paraná
ASSAÍ,Paraná
ASSIS CHATEAUBRIAND,Paraná
ASTORGA,Paraná
ATALAIA,Paraná
BALSA NOVA,Paraná
BANDEIRANTES,Paraná
BARBOSA FERRAZ,Paraná
BARRACÃO,Paraná
BARRA DO JACARÉ,Paraná
BELA VISTA DA CAROBA,Paraná
BELA VISTA DO PARAÍSO,Paraná
BITURUNA,Paraná
BOA ESPERANÇA,Paraná
BOA ESPERANÇA DO IGUAÇU,Paraná
BOA VENTURA DE SÃO ROQUE,Paraná
BOA VISTA DA APARECIDA,Paraná
BOCAIÚVA DO SUL,Paraná
BOM JESUS DO SUL,Paraná
BOM SUCESSO,Paraná
BOM SUCESSO DO SUL,Paraná
BORRAZÓPOLIS,Paraná
BRAGANEY,Paraná
BRASILÂNDIA DO SUL,Paraná
CAFEARA,Paraná
CAFELÂNDIA,Paraná
CAFEZAL DO SUL,Paraná
CALIFÓRNIA,Paraná
CAMBARÁ,Paraná
CAMBÉ,Paraná
CAMBIRA,Paraná
CAMPINA DA LAGOA,Paraná
CAMPINA DO SIMÃO,Paraná
CAMPINA GRANDE DO SUL,Paraná
CAMPO BONITO,Paraná
CAMPO DO TENENTE,Paraná
CAMPO LARGO,Paraná
CAMPO MAGRO,Paraná
CAMPO MOURÃO,Paraná
CÂNDIDO DE ABREU,Paraná
CANDÓI,Paraná
CANTAGALO,Paraná
CAPANEMA,Paraná
CAPITÃO LEÔNIDAS MARQUES,Paraná
CARAMBEÍ,Paraná
CARLÓPOLIS,Paraná
CASCAVEL,Paraná
CASTRO,Paraná
CATANDUVAS,Paraná
CENTENÁRIO DO SUL,Paraná
CERRO AZUL,Paraná
CÉU AZUL,Paraná
CHOPINZINHO,Paraná
CIANORTE,Paraná
CIDADE GAÚCHA,Paraná
CLEVELÂNDIA,Paraná
COLOMBO,Paraná
COLORADO,Paraná
CONGONHINHAS,Paraná
CONSELHEIRO MAIRINCK,Paraná
CONTENDA,Paraná
CORBÉLIA,Paraná
CORNÉLIO PROCÓPIO,Paraná
CORONEL DOMINGOS SOARES,Paraná
CORONEL VIVIDA,Paraná
CORUMBATAÍ DO SUL,Paraná
CRUZEIRO DO IGUAÇU,Paraná
CRUZEIRO DO OESTE,Paraná
CRUZEIRO DO SUL,Paraná
CRUZ MACHADO,Paraná
CRUZMALTINA,Paraná
CURITIBA,Paraná
CURIÚVA,Paraná
DIAMANTE DO NORTE,Paraná
DIAMANTE DO SUL,Paraná
DIAMANTE D'OESTE,Paraná
DOIS VIZINHOS,Paraná
DOURADINA,Paraná
DOUTOR CAMARGO,Paraná
ENÉAS MARQUES,Paraná
ENGENHEIRO BELTRÃO,Paraná
ESPERANÇA NOVA,Paraná
ENTRE RIOS DO OESTE,Paraná
ESPIGÃO ALTO DO IGUAÇU,Paraná
FAROL,Paraná
FAXINAL,Paraná
FAZENDA RIO GRANDE,Paraná
FÊNIX,Paraná
FERNANDES PINHEIRO,Paraná
FIGUEIRA,Paraná
FLORAÍ,Paraná
FLOR DA SERRA DO SUL,Paraná
FLORESTA,Paraná
FLORESTÓPOLIS,Paraná
FLÓRIDA,Paraná
FORMOSA DO OESTE,Paraná
FOZ DO IGUAÇU,Paraná
FRANCISCO ALVES,Paraná
FRANCISCO BELTRÃO,Paraná
FOZ DO JORDÃO,Paraná
GENERAL CARNEIRO,Paraná
GODOY MOREIRA,Paraná
GOIOERÊ,Paraná
GOIOXIM,Paraná
GRANDES RIOS,Paraná
GUAÍRA,Paraná
GUAIRAÇÁ,Paraná
GUAMIRANGA,Paraná
GUAPIRAMA,Paraná
GUAPOREMA,Paraná
GUARACI,Paraná
GUARANIAÇU,Paraná
GUARAPUAVA,Paraná
GUARAQUEÇABA,Paraná
GUARATUBA,Paraná
HONÓRIO SERPA,Paraná
IBAITI,Paraná
IBEMA,Paraná
IBIPORÃ,Paraná
ICARAÍMA,Paraná
IGUARAÇU,Paraná
IGUATU,Paraná
IMBAÚ,Paraná
IMBITUVA,Paraná
INÁCIO MARTINS,Paraná
INAJÁ,Paraná
INDIANÓPOLIS,Paraná
IPIRANGA,Paraná
IPORÃ,Paraná
IRACEMA DO OESTE,Paraná
IRATI,Paraná
IRETAMA,Paraná
ITAGUAJÉ,Paraná
ITAIPULÂNDIA,Paraná
ITAMBARACÁ,Paraná
ITAMBÉ,Paraná
ITAPEJARA D'OESTE,Paraná
ITAPERUÇU,Paraná
ITAÚNA DO SUL,Paraná
IVAÍ,Paraná
IVAIPORÃ,Paraná
IVATÉ,Paraná
IVATUBA,Paraná
JABOTI,Paraná
JACAREZINHO,Paraná
JAGUAPITÃ,Paraná
JAGUARIAÍVA,Paraná
JANDAIA DO SUL,Paraná
JANIÓPOLIS,Paraná
JAPIRA,Paraná
JAPURÁ,Paraná
JARDIM ALEGRE,Paraná
JARDIM OLINDA,Paraná
JATAIZINHO,Paraná
JESUÍTAS,Paraná
JOAQUIM TÁVORA,Paraná
JUNDIAÍ DO SUL,Paraná
JURANDA,Paraná
JUSSARA,Paraná
KALORÉ,Paraná
LAPA,Paraná
LARANJAL,Paraná
LARANJEIRAS DO SUL,Paraná
LEÓPOLIS,Paraná
LIDIANÓPOLIS,Paraná
LINDOESTE,Paraná
LOANDA,Paraná
LOBATO,Paraná
LONDRINA,Paraná
LUIZIANA,Paraná
LUNARDELLI,Paraná
LUPIONÓPOLIS,Paraná
MALLET,Paraná
MAMBORÊ,Paraná
MANDAGUAÇU,Paraná
MANDAGUARI,Paraná
MANDIRITUBA,Paraná
MANFRINÓPOLIS,Paraná
MANGUEIRINHA,Paraná
MANOEL RIBAS,Paraná
MARECHAL CÂNDIDO RONDON,Paraná
MARIA HELENA,Paraná
MARIALVA,Paraná
MARILÂNDIA DO SUL,Paraná
MARILENA,Paraná
MARILUZ,Paraná
MARINGÁ,Paraná
MARIÓPOLIS,Paraná
MARIPÁ,Paraná
MARMELEIRO,Paraná
MARQUINHO,Paraná
MARUMBI,Paraná
MATELÂNDIA,Paraná
MATINHOS,Paraná
MATO RICO,Paraná
MAUÁ DA SERRA,Paraná
MEDIANEIRA,Paraná
MERCEDES,Paraná
MIRADOR,Paraná
MIRASELVA,Paraná
MISSAL,Paraná
MOREIRA SALES,Paraná
MORRETES,Paraná
MUNHOZ DE MELO,Paraná
NOSSA SENHORA DAS GRAÇAS,Paraná
NOVA ALIANÇA DO IVAÍ,Paraná
NOVA AMÉRICA DA COLINA,Paraná
NOVA AURORA,Paraná
NOVA CANTU,Paraná
NOVA ESPERANÇA,Paraná
NOVA ESPERANÇA DO SUDOESTE,Paraná
NOVA FÁTIMA,Paraná
NOVA LARANJEIRAS,Paraná
NOVA LONDRINA,Paraná
NOVA OLÍMPIA,Paraná
NOVA SANTA BÁRBARA,Paraná
NOVA SANTA ROSA,Paraná
NOVA PRATA DO IGUAÇU,Paraná
NOVA TEBAS,Paraná
NOVO ITACOLOMI,Paraná
ORTIGUEIRA,Paraná
OURIZONA,Paraná
OURO VERDE DO OESTE,Paraná
PAIÇANDU,Paraná
PALMAS,Paraná
PALMEIRA,Paraná
PALMITAL,Paraná
PALOTINA,Paraná
PARAÍSO DO NORTE,Paraná
PARANACITY,Paraná
PARANAGUÁ,Paraná
PARANAPOEMA,Paraná
PARANAVAÍ,Paraná
PATO BRAGADO,Paraná
PATO BRANCO,Paraná
PAULA FREITAS,Paraná
PAULO FRONTIN,Paraná
PEABIRU,Paraná
PEROBAL,Paraná
PÉROLA,Paraná
PÉROLA D'OESTE,Paraná
PIÊN,Paraná
PINHAIS,Paraná
PINHALÃO,Paraná
PINHAL DE SÃO BENTO,Paraná
PINHÃO,Paraná
PIRAÍ DO SUL,Paraná
PIRAQUARA,Paraná
PITANGA,Paraná
PITANGUEIRAS,Paraná
PLANALTINA DO PARANÁ,Paraná
PLANALTO,Paraná
PONTA GROSSA,Paraná
PONTAL DO PARANÁ,Paraná
PORECATU,Paraná
PORTO AMAZONAS,Paraná
PORTO BARREIRO,Paraná
PORTO RICO,Paraná
PORTO VITÓRIA,Paraná
PRADO FERREIRA,Paraná
PRANCHITA,Paraná
PRESIDENTE CASTELO BRANCO,Paraná
PRIMEIRO DE MAIO,Paraná
PRUDENTÓPOLIS,Paraná
QUARTO CENTENÁRIO,Paraná
QUATIGUÁ,Paraná
QUATRO BARRAS,Paraná
QUATRO PONTES,Paraná
QUEDAS DO IGUAÇU,Paraná
QUERÊNCIA DO NORTE,Paraná
QUINTA DO SOL,Paraná
QUITANDINHA,Paraná
RAMILÂNDIA,Paraná
RANCHO ALEGRE,Paraná
RANCHO ALEGRE D'OESTE,Paraná
REALEZA,Paraná
REBOUÇAS,Paraná
RENASCENÇA,Paraná
RESERVA,Paraná
RESERVA DO IGUAÇU,Paraná
RIBEIRÃO CLARO,Paraná
RIBEIRÃO DO PINHAL,Paraná
RIO AZUL,Paraná
RIO BOM,Paraná
RIO BONITO DO IGUAÇU,Paraná
RIO BRANCO DO IVAÍ,Paraná
RIO BRANCO DO SUL,Paraná
RIO NEGRO,Paraná
ROLÂNDIA,Paraná
RONCADOR,Paraná
RONDON,Paraná
ROSÁRIO DO IVAÍ,Paraná
SABÁUDIA,Paraná
SALGADO FILHO,Paraná
SALTO DO ITARARÉ,Paraná
SALTO DO LONTRA,Paraná
SANTA AMÉLIA,Paraná
SANTA CECÍLIA DO PAVÃO,Paraná
SANTA CRUZ DE MONTE CASTELO,Paraná
SANTA FÉ,Paraná
SANTA HELENA,Paraná
SANTA INÊS,Paraná
SANTA ISABEL DO IVAÍ,Paraná
SANTA IZABEL DO OESTE,Paraná
SANTA LÚCIA,Paraná
SANTA MARIA DO OESTE,Paraná
SANTA MARIANA,Paraná
SANTA MÔNICA,Paraná
SANTANA DO ITARARÉ,Paraná
SANTA TEREZA DO OESTE,Paraná
SANTA TEREZINHA DE ITAIPU,Paraná
SANTO ANTÔNIO DA PLATINA,Paraná
SANTO ANTÔNIO DO CAIUÁ,Paraná
SANTO ANTÔNIO DO PARAÍSO,Paraná
SANTO ANTÔNIO DO SUDOESTE,Paraná
SANTO INÁCIO,Paraná
SÃO CARLOS DO IVAÍ,Paraná
SÃO JERÔNIMO DA SERRA,Paraná
SÃO JOÃO,Paraná
SÃO JOÃO DO CAIUÁ,Paraná
SÃO JOÃO DO IVAÍ,Paraná
SÃO JOÃO DO TRIUNFO,Paraná
SÃO JORGE D'OESTE,Paraná
SÃO JORGE DO IVAÍ,Paraná
SÃO JORGE DO PATROCÍNIO,Paraná
SÃO JOSÉ DA BOA VISTA,Paraná
SÃO JOSÉ DAS PALMEIRAS,Paraná
SÃO JOSÉ DOS PINHAIS,Paraná
SÃO MANOEL DO PARANÁ,Paraná
SÃO MATEUS DO SUL,Paraná
SÃO MIGUEL DO IGUAÇU,Paraná
SÃO PEDRO DO IGUAÇU,Paraná
SÃO PEDRO DO IVAÍ,Paraná
SÃO PEDRO DO PARANÁ,Paraná
SÃO SEBASTIÃO DA AMOREIRA,Paraná
SÃO TOMÉ,Paraná
SAPOPEMA,Paraná
SARANDI,Paraná
SAUDADE DO IGUAÇU,Paraná
SENGÉS,Paraná
SERRANÓPOLIS DO IGUAÇU,Paraná
SERTANEJA,Paraná
SERTANÓPOLIS,Paraná
SIQUEIRA CAMPOS,Paraná
SULINA,Paraná
TAMARANA,Paraná
TAMBOARA,Paraná
TAPEJARA,Paraná
TAPIRA,Paraná
TEIXEIRA SOARES,Paraná
TELÊMACO BORBA,Paraná
TERRA BOA,Paraná
TERRA RICA,Paraná
TERRA ROXA,Paraná
TIBAGI,Paraná
TIJUCAS DO SUL,Paraná
TOLEDO,Paraná
TOMAZINA,Paraná
TRÊS BARRAS DO PARANÁ,Paraná
TUNAS DO PARANÁ,Paraná
TUNEIRAS DO OESTE,Paraná
TUPÃSSI,Paraná
TURVO,Paraná
UBIRATÃ,Paraná
UMUARAMA,Paraná
UNIÃO DA VITÓRIA,Paraná
UNIFLOR,Paraná
URAÍ,Paraná
WENCESLAU BRAZ,Paraná
VENTANIA,Paraná
VERA CRUZ DO OESTE,Paraná
VERÊ,Paraná
ALTO PARAÍSO,Paraná
DOUTOR ULYSSES,Paraná
VIRMOND,Paraná
VITORINO,Paraná
XAMBRÊ,Paraná
ABDON BATISTA,Santa Cata
ABELARDO LUZ,Santa Cata
AGROLÂNDIA,Santa Cata
AGRONÔMICA,Santa Cata
ÁGUA DOCE,Santa Cata
ÁGUAS DE CHAPECÓ,Santa Cata
ÁGUAS FRIAS,Santa Cata
ÁGUAS MORNAS,Santa Cata
ALFREDO WAGNER,Santa Cata
ALTO BELA VISTA,Santa Cata
ANCHIETA,Santa Cata
ANGELINA,Santa Cata
ANITA GARIBALDI,Santa Cata
ANITÁPOLIS,Santa Cata
ANTÔNIO CARLOS,Santa Cata
APIÚNA,Santa Cata
ARABUTÃ,Santa Cata
ARAQUARI,Santa Cata
ARARANGUÁ,Santa Cata
ARMAZÉM,Santa Cata
ARROIO TRINTA,Santa Cata
ARVOREDO,Santa Cata
ASCURRA,Santa Cata
ATALANTA,Santa Cata
AURORA,Santa Cata
BALNEÁRIO ARROIO DO SILVA,Santa Cata
BALNEÁRIO CAMBORIÚ,Santa Cata
BALNEÁRIO BARRA DO SUL,Santa Cata
BALNEÁRIO GAIVOTA,Santa Cata
BANDEIRANTE,Santa Cata
BARRA BONITA,Santa Cata
BARRA VELHA,Santa Cata
BELA VISTA DO TOLDO,Santa Cata
BELMONTE,Santa Cata
BENEDITO NOVO,Santa Cata
BIGUAÇU,Santa Cata
BLUMENAU,Santa Cata
BOCAINA DO SUL,Santa Cata
BOMBINHAS,Santa Cata
BOM JARDIM DA SERRA,Santa Cata
BOM JESUS,Santa Cata
BOM JESUS DO OESTE,Santa Cata
BOM RETIRO,Santa Cata
BOTUVERÁ,Santa Cata
BRAÇO DO NORTE,Santa Cata
BRAÇO DO TROMBUDO,Santa Cata
BRUNÓPOLIS,Santa Cata
BRUSQUE,Santa Cata
CAÇADOR,Santa Cata
CAIBI,Santa Cata
CALMON,Santa Cata
CAMBORIÚ,Santa Cata
CAPÃO ALTO,Santa Cata
CAMPO ALEGRE,Santa Cata
CAMPO BELO DO SUL,Santa Cata
CAMPO ERÊ,Santa Cata
CAMPOS NOVOS,Santa Cata
CANELINHA,Santa Cata
CANOINHAS,Santa Cata
CAPINZAL,Santa Cata
CAPIVARI DE BAIXO,Santa Cata
CATANDUVAS,Santa Cata
CAXAMBU DO SUL,Santa Cata
CELSO RAMOS,Santa Cata
CERRO NEGRO,Santa Cata
CHAPADÃO DO LAGEADO,Santa Cata
CHAPECÓ,Santa Cata
COCAL DO SUL,Santa Cata
CONCÓRDIA,Santa Cata
CORDILHEIRA ALTA,Santa Cata
CORONEL FREITAS,Santa Cata
CORONEL MARTINS,Santa Cata
CORUPÁ,Santa Cata
CORREIA PINTO,Santa Cata
CRICIÚMA,Santa Cata
CUNHA PORÃ,Santa Cata
CUNHATAÍ,Santa Cata
CURITIBANOS,Santa Cata
DESCANSO,Santa Cata
DIONÍSIO CERQUEIRA,Santa Cata
DONA EMMA,Santa Cata
DOUTOR PEDRINHO,Santa Cata
ENTRE RIOS,Santa Cata
ERMO,Santa Cata
ERVAL VELHO,Santa Cata
FAXINAL DOS GUEDES,Santa Cata
FLOR DO SERTÃO,Santa Cata
FLORIANÓPOLIS,Santa Cata
FORMOSA DO SUL,Santa Cata
FORQUILHINHA,Santa Cata
FRAIBURGO,Santa Cata
FREI ROGÉRIO,Santa Cata
GALVÃO,Santa Cata
GAROPABA,Santa Cata
GARUVA,Santa Cata
GASPAR,Santa Cata
GOVERNADOR CELSO RAMOS,Santa Cata
GRÃO-PARÁ,Santa Cata
GRAVATAL,Santa Cata
GUABIRUBA,Santa Cata
GUARACIABA,Santa Cata
GUARAMIRIM,Santa Cata
GUARUJÁ DO SUL,Santa Cata
GUATAMBÚ,Santa Cata
HERVAL D'OESTE,Santa Cata
IBIAM,Santa Cata
IBICARÉ,Santa Cata
IBIRAMA,Santa Cata
IÇARA,Santa Cata
ILHOTA,Santa Cata
IMARUÍ,Santa Cata
IMBITUBA,Santa Cata
IMBUIA,Santa Cata
INDAIAL,Santa Cata
IOMERÊ,Santa Cata
IPIRA,Santa Cata
IPORÃ DO OESTE,Santa Cata
IPUAÇU,Santa Cata
IPUMIRIM,Santa Cata
IRACEMINHA,Santa Cata
IRANI,Santa Cata
IRATI,Santa Cata
IRINEÓPOLIS,Santa Cata
ITÁ,Santa Cata
ITAIÓPOLIS,Santa Cata
ITAJAÍ,Santa Cata
ITAPEMA,Santa Cata
ITAPIRANGA,Santa Cata
ITAPOÁ,Santa Cata
ITUPORANGA,Santa Cata
JABORÁ,Santa Cata
JACINTO MACHADO,Santa Cata
JAGUARUNA,Santa Cata
JARAGUÁ DO SUL,Santa Cata
JARDINÓPOLIS,Santa Cata
JOAÇABA,Santa Cata
JOINVILLE,Santa Cata
JOSÉ BOITEUX,Santa Cata
JUPIÁ,Santa Cata
LACERDÓPOLIS,Santa Cata
LAGES,Santa Cata
LAGUNA,Santa Cata
LAJEADO GRANDE,Santa Cata
LAURENTINO,Santa Cata
LAURO MÜLLER,Santa Cata
LEBON RÉGIS,Santa Cata
LEOBERTO LEAL,Santa Cata
LINDÓIA DO SUL,Santa Cata
LONTRAS,Santa Cata
LUIZ ALVES,Santa Cata
LUZERNA,Santa Cata
MACIEIRA,Santa Cata
MAFRA,Santa Cata
MAJOR GERCINO,Santa Cata
MAJOR VIEIRA,Santa Cata
MARACAJÁ,Santa Cata
MARAVILHA,Santa Cata
MAREMA,Santa Cata
MASSARANDUBA,Santa Cata
MATOS COSTA,Santa Cata
MELEIRO,Santa Cata
MIRIM DOCE,Santa Cata
MODELO,Santa Cata
MONDAÍ,Santa Cata
MONTE CARLO,Santa Cata
MONTE CASTELO,Santa Cata
MORRO DA FUMAÇA,Santa Cata
MORRO GRANDE,Santa Cata
NAVEGANTES,Santa Cata
NOVA ERECHIM,Santa Cata
NOVA ITABERABA,Santa Cata
NOVA TRENTO,Santa Cata
NOVA VENEZA,Santa Cata
NOVO HORIZONTE,Santa Cata
ORLEANS,Santa Cata
OTACÍLIO COSTA,Santa Cata
OURO,Santa Cata
OURO VERDE,Santa Cata
PAIAL,Santa Cata
PAINEL,Santa Cata
PALHOÇA,Santa Cata
PALMA SOLA,Santa Cata
PALMEIRA,Santa Cata
PALMITOS,Santa Cata
PAPANDUVA,Santa Cata
PARAÍSO,Santa Cata
PASSO DE TORRES,Santa Cata
PASSOS MAIA,Santa Cata
PAULO LOPES,Santa Cata
PEDRAS GRANDES,Santa Cata
PENHA,Santa Cata
PERITIBA,Santa Cata
PESCARIA BRAVA,Santa Cata
PETROLÂNDIA,Santa Cata
BALNEÁRIO PIÇARRAS,Santa Cata
PINHALZINHO,Santa Cata
PINHEIRO PRETO,Santa Cata
PIRATUBA,Santa Cata
PLANALTO ALEGRE,Santa Cata
POMERODE,Santa Cata
PONTE ALTA,Santa Cata
PONTE ALTA DO NORTE,Santa Cata
PONTE SERRADA,Santa Cata
PORTO BELO,Santa Cata
PORTO UNIÃO,Santa Cata
POUSO REDONDO,Santa Cata
PRAIA GRANDE,Santa Cata
PRESIDENTE CASTELLO BRANCO,Santa Cata
PRESIDENTE GETÚLIO,Santa Cata
PRESIDENTE NEREU,Santa Cata
PRINCESA,Santa Cata
QUILOMBO,Santa Cata
RANCHO QUEIMADO,Santa Cata
RIO DAS ANTAS,Santa Cata
RIO DO CAMPO,Santa Cata
RIO DO OESTE,Santa Cata
RIO DOS CEDROS,Santa Cata
RIO DO SUL,Santa Cata
RIO FORTUNA,Santa Cata
RIO NEGRINHO,Santa Cata
RIO RUFINO,Santa Cata
RIQUEZA,Santa Cata
RODEIO,Santa Cata
ROMELÂNDIA,Santa Cata
SALETE,Santa Cata
SALTINHO,Santa Cata
SALTO VELOSO,Santa Cata
SANGÃO,Santa Cata
SANTA CECÍLIA,Santa Cata
SANTA HELENA,Santa Cata
SANTA ROSA DE LIMA,Santa Cata
SANTA ROSA DO SUL,Santa Cata
SANTA TEREZINHA,Santa Cata
SANTA TEREZINHA DO PROGRESSO,Santa Cata
SANTIAGO DO SUL,Santa Cata
SANTO AMARO DA IMPERATRIZ,Santa Cata
SÃO BERNARDINO,Santa Cata
SÃO BENTO DO SUL,Santa Cata
SÃO BONIFÁCIO,Santa Cata
SÃO CARLOS,Santa Cata
SÃO CRISTÓVÃO DO SUL,Santa Cata
SÃO DOMINGOS,Santa Cata
SÃO FRANCISCO DO SUL,Santa Cata
SÃO JOÃO DO OESTE,Santa Cata
SÃO JOÃO BATISTA,Santa Cata
SÃO JOÃO DO ITAPERIÚ,Santa Cata
SÃO JOÃO DO SUL,Santa Cata
SÃO JOAQUIM,Santa Cata
SÃO JOSÉ,Santa Cata
SÃO JOSÉ DO CEDRO,Santa Cata
SÃO JOSÉ DO CERRITO,Santa Cata
SÃO LOURENÇO DO OESTE,Santa Cata
SÃO LUDGERO,Santa Cata
SÃO MARTINHO,Santa Cata
SÃO MIGUEL DA BOA VISTA,Santa Cata
SÃO MIGUEL DO OESTE,Santa Cata
SÃO PEDRO DE ALCÂNTARA,Santa Cata
SAUDADES,Santa Cata
SCHROEDER,Santa Cata
SEARA,Santa Cata
SERRA ALTA,Santa Cata
SIDERÓPOLIS,Santa Cata
SOMBRIO,Santa Cata
SUL BRASIL,Santa Cata
TAIÓ,Santa Cata
TANGARÁ,Santa Cata
TIGRINHOS,Santa Cata
TIJUCAS,Santa Cata
TIMBÉ DO SUL,Santa Cata
TIMBÓ,Santa Cata
TIMBÓ GRANDE,Santa Cata
TRÊS BARRAS,Santa Cata
TREVISO,Santa Cata
TREZE DE MAIO,Santa Cata
TREZE TÍLIAS,Santa Cata
TROMBUDO CENTRAL,Santa Cata
TUBARÃO,Santa Cata
TUNÁPOLIS,Santa Cata
TURVO,Santa Cata
UNIÃO DO OESTE,Santa Cata
URUBICI,Santa Cata
URUPEMA,Santa Cata
URUSSANGA,Santa Cata
VARGEÃO,Santa Cata
VARGEM,Santa Cata
VARGEM BONITA,Santa Cata
VIDAL RAMOS,Santa Cata
VIDEIRA,Santa Cata
VITOR MEIRELES,Santa Cata
WITMARSUM,Santa Cata
XANXERÊ,Santa Cata
XAVANTINA,Santa Cata
XAXIM,Santa Cata
ZORTÉA,Santa Cata
BALNEÁRIO RINCÃO,Santa Cata
ACEGUÁ,Rio Grande
ÁGUA SANTA,Rio Grande
AGUDO,Rio Grande
AJURICABA,Rio Grande
ALECRIM,Rio Grande
ALEGRETE,Rio Grande
ALEGRIA,Rio Grande
ALMIRANTE TAMANDARÉ DO SUL,Rio Grande
ALPESTRE,Rio Grande
ALTO ALEGRE,Rio Grande
ALTO FELIZ,Rio Grande
ALVORADA,Rio Grande
AMARAL FERRADOR,Rio Grande
AMETISTA DO SUL,Rio Grande
ANDRÉ DA ROCHA,Rio Grande
ANTA GORDA,Rio Grande
ANTÔNIO PRADO,Rio Grande
ARAMBARÉ,Rio Grande
ARARICÁ,Rio Grande
ARATIBA,Rio Grande
ARROIO DO MEIO,Rio Grande
ARROIO DO SAL,Rio Grande
ARROIO DO PADRE,Rio Grande
ARROIO DOS RATOS,Rio Grande
ARROIO DO TIGRE,Rio Grande
ARROIO GRANDE,Rio Grande
ARVOREZINHA,Rio Grande
AUGUSTO PESTANA,Rio Grande
ÁUREA,Rio Grande
BAGÉ,Rio Grande
BALNEÁRIO PINHAL,Rio Grande
BARÃO,Rio Grande
BARÃO DE COTEGIPE,Rio Grande
BARÃO DO TRIUNFO,Rio Grande
BARRACÃO,Rio Grande
BARRA DO GUARITA,Rio Grande
BARRA DO QUARAÍ,Rio Grande
BARRA DO RIBEIRO,Rio Grande
BARRA DO RIO AZUL,Rio Grande
BARRA FUNDA,Rio Grande
BARROS CASSAL,Rio Grande
BENJAMIN CONSTANT DO SUL,Rio Grande
BENTO GONÇALVES,Rio Grande
BOA VISTA DAS MISSÕES,Rio Grande
BOA VISTA DO BURICÁ,Rio Grande
BOA VISTA DO CADEADO,Rio Grande
BOA VISTA DO INCRA,Rio Grande
BOA VISTA DO SUL,Rio Grande
BOM JESUS,Rio Grande
BOM PRINCÍPIO,Rio Grande
BOM PROGRESSO,Rio Grande
BOM RETIRO DO SUL,Rio Grande
BOQUEIRÃO DO LEÃO,Rio Grande
BOSSOROCA,Rio Grande
BOZANO,Rio Grande
BRAGA,Rio Grande
BROCHIER,Rio Grande
BUTIÁ,Rio Grande
CAÇAPAVA DO SUL,Rio Grande
CACEQUI,Rio Grande
CACHOEIRA DO SUL,Rio Grande
CACHOEIRINHA,Rio Grande
CACIQUE DOBLE,Rio Grande
CAIBATÉ,Rio Grande
CAIÇARA,Rio Grande
CAMAQUÃ,Rio Grande
CAMARGO,Rio Grande
CAMBARÁ DO SUL,Rio Grande
CAMPESTRE DA SERRA,Rio Grande
CAMPINA DAS MISSÕES,Rio Grande
CAMPINAS DO SUL,Rio Grande
CAMPO BOM,Rio Grande
CAMPO NOVO,Rio Grande
CAMPOS BORGES,Rio Grande
CANDELÁRIA,Rio Grande
CÂNDIDO GODÓI,Rio Grande
CANDIOTA,Rio Grande
CANELA,Rio Grande
CANGUÇU,Rio Grande
CANOAS,Rio Grande
CANUDOS DO VALE,Rio Grande
CAPÃO BONITO DO SUL,Rio Grande
CAPÃO DA CANOA,Rio Grande
CAPÃO DO CIPÓ,Rio Grande
CAPÃO DO LEÃO,Rio Grande
CAPIVARI DO SUL,Rio Grande
CAPELA DE SANTANA,Rio Grande
CAPITÃO,Rio Grande
CARAZINHO,Rio Grande
CARAÁ,Rio Grande
CARLOS BARBOSA,Rio Grande
CARLOS GOMES,Rio Grande
CASCA,Rio Grande
CASEIROS,Rio Grande
CATUÍPE,Rio Grande
CAXIAS DO SUL,Rio Grande
CENTENÁRIO,Rio Grande
CERRITO,Rio Grande
CERRO BRANCO,Rio Grande
CERRO GRANDE,Rio Grande
CERRO GRANDE DO SUL,Rio Grande
CERRO LARGO,Rio Grande
CHAPADA,Rio Grande
CHARQUEADAS,Rio Grande
CHARRUA,Rio Grande
CHIAPETTA,Rio Grande
CHUÍ,Rio Grande
CHUVISCA,Rio Grande
CIDREIRA,Rio Grande
CIRÍACO,Rio Grande
COLINAS,Rio Grande
COLORADO,Rio Grande
CONDOR,Rio Grande
CONSTANTINA,Rio Grande
COQUEIRO BAIXO,Rio Grande
COQUEIROS DO SUL,Rio Grande
CORONEL BARROS,Rio Grande
CORONEL BICACO,Rio Grande
CORONEL PILAR,Rio Grande
COTIPORÃ,Rio Grande
COXILHA,Rio Grande
CRISSIUMAL,Rio Grande
CRISTAL,Rio Grande
CRISTAL DO SUL,Rio Grande
CRUZ ALTA,Rio Grande
CRUZALTENSE,Rio Grande
CRUZEIRO DO SUL,Rio Grande
DAVID CANABARRO,Rio Grande
DERRUBADAS,Rio Grande
DEZESSEIS DE NOVEMBRO,Rio Grande
DILERMANDO DE AGUIAR,Rio Grande
DOIS IRMÃOS,Rio Grande
DOIS IRMÃOS DAS MISSÕES,Rio Grande
DOIS LAJEADOS,Rio Grande
DOM FELICIANO,Rio Grande
DOM PEDRO DE ALCÂNTARA,Rio Grande
DOM PEDRITO,Rio Grande
DONA FRANCISCA,Rio Grande
DOUTOR MAURÍCIO CARDOSO,Rio Grande
DOUTOR RICARDO,Rio Grande
ELDORADO DO SUL,Rio Grande
ENCANTADO,Rio Grande
ENCRUZILHADA DO SUL,Rio Grande
ENGENHO VELHO,Rio Grande
ENTRE-IJUÍS,Rio Grande
ENTRE RIOS DO SUL,Rio Grande
EREBANGO,Rio Grande
ERECHIM,Rio Grande
ERNESTINA,Rio Grande
HERVAL,Rio Grande
ERVAL GRANDE,Rio Grande
ERVAL SECO,Rio Grande
ESMERALDA,Rio Grande
ESPERANÇA DO SUL,Rio Grande
ESPUMOSO,Rio Grande
ESTAÇÃO,Rio Grande
ESTÂNCIA VELHA,Rio Grande
ESTEIO,Rio Grande
ESTRELA,Rio Grande
ESTRELA VELHA,Rio Grande
EUGÊNIO DE CASTRO,Rio Grande
FAGUNDES VARELA,Rio Grande
FARROUPILHA,Rio Grande
FAXINAL DO SOTURNO,Rio Grande
FAXINALZINHO,Rio Grande
FAZENDA VILANOVA,Rio Grande
FELIZ,Rio Grande
FLORES DA CUNHA,Rio Grande
FLORIANO PEIXOTO,Rio Grande
FONTOURA XAVIER,Rio Grande
FORMIGUEIRO,Rio Grande
FORQUETINHA,Rio Grande
FORTALEZA DOS VALOS,Rio Grande
FREDERICO WESTPHALEN,Rio Grande
GARIBALDI,Rio Grande
GARRUCHOS,Rio Grande
GAURAMA,Rio Grande
GENERAL CÂMARA,Rio Grande
GENTIL,Rio Grande
GETÚLIO VARGAS,Rio Grande
GIRUÁ,Rio Grande
GLORINHA,Rio Grande
GRAMADO,Rio Grande
GRAMADO DOS LOUREIROS,Rio Grande
GRAMADO XAVIER,Rio Grande
GRAVATAÍ,Rio Grande
GUABIJU,Rio Grande
GUAÍBA,Rio Grande
GUAPORÉ,Rio Grande
GUARANI DAS MISSÕES,Rio Grande
HARMONIA,Rio Grande
HERVEIRAS,Rio Grande
HORIZONTINA,Rio Grande
HULHA NEGRA,Rio Grande
HUMAITÁ,Rio Grande
IBARAMA,Rio Grande
IBIAÇÁ,Rio Grande
IBIRAIARAS,Rio Grande
IBIRAPUITÃ,Rio Grande
IBIRUBÁ,Rio Grande
IGREJINHA,Rio Grande
IJUÍ,Rio Grande
ILÓPOLIS,Rio Grande
IMBÉ,Rio Grande
IMIGRANTE,Rio Grande
INDEPENDÊNCIA,Rio Grande
INHACORÁ,Rio Grande
IPÊ,Rio Grande
IPIRANGA DO SUL,Rio Grande
IRAÍ,Rio Grande
ITAARA,Rio Grande
ITACURUBI,Rio Grande
ITAPUCA,Rio Grande
ITAQUI,Rio Grande
ITATI,Rio Grande
ITATIBA DO SUL,Rio Grande
IVORÁ,Rio Grande
IVOTI,Rio Grande
JABOTICABA,Rio Grande
JACUIZINHO,Rio Grande
JACUTINGA,Rio Grande
JAGUARÃO,Rio Grande
JAGUARI,Rio Grande
JAQUIRANA,Rio Grande
JARI,Rio Grande
JÓIA,Rio Grande
JÚLIO DE CASTILHOS,Rio Grande
LAGOA BONITA DO SUL,Rio Grande
LAGOÃO,Rio Grande
LAGOA DOS TRÊS CANTOS,Rio Grande
LAGOA VERMELHA,Rio Grande
LAJEADO,Rio Grande
LAJEADO DO BUGRE,Rio Grande
LAVRAS DO SUL,Rio Grande
LIBERATO SALZANO,Rio Grande
LINDOLFO COLLOR,Rio Grande
LINHA NOVA,Rio Grande
MACHADINHO,Rio Grande
MAÇAMBARÁ,Rio Grande
MAMPITUBA,Rio Grande
MANOEL VIANA,Rio Grande
MAQUINÉ,Rio Grande
MARATÁ,Rio Grande
MARAU,Rio Grande
MARCELINO RAMOS,Rio Grande
MARIANA PIMENTEL,Rio Grande
MARIANO MORO,Rio Grande
MARQUES DE SOUZA,Rio Grande
MATA,Rio Grande
MATO CASTELHANO,Rio Grande
MATO LEITÃO,Rio Grande
MATO QUEIMADO,Rio Grande
MAXIMILIANO DE ALMEIDA,Rio Grande
MINAS DO LEÃO,Rio Grande
MIRAGUAÍ,Rio Grande
MONTAURI,Rio Grande
MONTE ALEGRE DOS CAMPOS,Rio Grande
MONTE BELO DO SUL,Rio Grande
MONTENEGRO,Rio Grande
MORMAÇO,Rio Grande
MORRINHOS DO SUL,Rio Grande
MORRO REDONDO,Rio Grande
MORRO REUTER,Rio Grande
MOSTARDAS,Rio Grande
MUÇUM,Rio Grande
MUITOS CAPÕES,Rio Grande
MULITERNO,Rio Grande
NÃO-ME-TOQUE,Rio Grande
NICOLAU VERGUEIRO,Rio Grande
NONOAI,Rio Grande
NOVA ALVORADA,Rio Grande
NOVA ARAÇÁ,Rio Grande
NOVA BASSANO,Rio Grande
NOVA BOA VISTA,Rio Grande
NOVA BRÉSCIA,Rio Grande
NOVA CANDELÁRIA,Rio Grande
NOVA ESPERANÇA DO SUL,Rio Grande
NOVA HARTZ,Rio Grande
NOVA PÁDUA,Rio Grande
NOVA PALMA,Rio Grande
NOVA PETRÓPOLIS,Rio Grande
NOVA PRATA,Rio Grande
NOVA RAMADA,Rio Grande
NOVA ROMA DO SUL,Rio Grande
NOVA SANTA RITA,Rio Grande
NOVO CABRAIS,Rio Grande
NOVO HAMBURGO,Rio Grande
NOVO MACHADO,Rio Grande
NOVO TIRADENTES,Rio Grande
NOVO XINGU,Rio Grande
NOVO BARREIRO,Rio Grande
OSÓRIO,Rio Grande
PAIM FILHO,Rio Grande
PALMARES DO SUL,Rio Grande
PALMEIRA DAS MISSÕES,Rio Grande
PALMITINHO,Rio Grande
PANAMBI,Rio Grande
PANTANO GRANDE,Rio Grande
PARAÍ,Rio Grande
PARAÍSO DO SUL,Rio Grande
PARECI NOVO,Rio Grande
PAROBÉ,Rio Grande
PASSA SETE,Rio Grande
PASSO DO SOBRADO,Rio Grande
PASSO FUNDO,Rio Grande
PAULO BENTO,Rio Grande
PAVERAMA,Rio Grande
PEDRAS ALTAS,Rio Grande
PEDRO OSÓRIO,Rio Grande
PEJUÇARA,Rio Grande
PELOTAS,Rio Grande
PICADA CAFÉ,Rio Grande
PINHAL,Rio Grande
PINHAL DA SERRA,Rio Grande
PINHAL GRANDE,Rio Grande
PINHEIRINHO DO VALE,Rio Grande
PINHEIRO MACHADO,Rio Grande
PINTO BANDEIRA,Rio Grande
PIRAPÓ,Rio Grande
PIRATINI,Rio Grande
PLANALTO,Rio Grande
POÇO DAS ANTAS,Rio Grande
PONTÃO,Rio Grande
PONTE PRETA,Rio Grande
PORTÃO,Rio Grande
PORTO ALEGRE,Rio Grande
PORTO LUCENA,Rio Grande
PORTO MAUÁ,Rio Grande
PORTO VERA CRUZ,Rio Grande
PORTO XAVIER,Rio Grande
POUSO NOVO,Rio Grande
PRESIDENTE LUCENA,Rio Grande
PROGRESSO,Rio Grande
PROTÁSIO ALVES,Rio Grande
PUTINGA,Rio Grande
QUARAÍ,Rio Grande
QUATRO IRMÃOS,Rio Grande
QUEVEDOS,Rio Grande
QUINZE DE NOVEMBRO,Rio Grande
REDENTORA,Rio Grande
RELVADO,Rio Grande
RESTINGA SÊCA,Rio Grande
RIO DOS ÍNDIOS,Rio Grande
RIO GRANDE,Rio Grande
RIO PARDO,Rio Grande
RIOZINHO,Rio Grande
ROCA SALES,Rio Grande
RODEIO BONITO,Rio Grande
ROLADOR,Rio Grande
ROLANTE,Rio Grande
RONDA ALTA,Rio Grande
RONDINHA,Rio Grande
ROQUE GONZALES,Rio Grande
ROSÁRIO DO SUL,Rio Grande
SAGRADA FAMÍLIA,Rio Grande
SALDANHA MARINHO,Rio Grande
SALTO DO JACUÍ,Rio Grande
SALVADOR DAS MISSÕES,Rio Grande
SALVADOR DO SUL,Rio Grande
SANANDUVA,Rio Grande
SANTA BÁRBARA DO SUL,Rio Grande
SANTA CECÍLIA DO SUL,Rio Grande
SANTA CLARA DO SUL,Rio Grande
SANTA CRUZ DO SUL,Rio Grande
SANTA MARIA,Rio Grande
SANTA MARIA DO HERVAL,Rio Grande
SANTA MARGARIDA DO SUL,Rio Grande
SANTANA DA BOA VISTA,Rio Grande
SANT'ANA DO LIVRAMENTO,Rio Grande
SANTA ROSA,Rio Grande
SANTA TEREZA,Rio Grande
SANTA VITÓRIA DO PALMAR,Rio Grande
SANTIAGO,Rio Grande
SANTO ÂNGELO,Rio Grande
SANTO ANTÔNIO DO PALMA,Rio Grande
SANTO ANTÔNIO DA PATRULHA,Rio Grande
SANTO ANTÔNIO DAS MISSÕES,Rio Grande
SANTO ANTÔNIO DO PLANALTO,Rio Grande
SANTO AUGUSTO,Rio Grande
SANTO CRISTO,Rio Grande
SANTO EXPEDITO DO SUL,Rio Grande
SÃO BORJA,Rio Grande
SÃO DOMINGOS DO SUL,Rio Grande
SÃO FRANCISCO DE ASSIS,Rio Grande
SÃO FRANCISCO DE PAULA,Rio Grande
SÃO GABRIEL,Rio Grande
SÃO JERÔNIMO,Rio Grande
SÃO JOÃO DA URTIGA,Rio Grande
SÃO JOÃO DO POLÊSINE,Rio Grande
SÃO JORGE,Rio Grande
SÃO JOSÉ DAS MISSÕES,Rio Grande
SÃO JOSÉ DO HERVAL,Rio Grande
SÃO JOSÉ DO HORTÊNCIO,Rio Grande
SÃO JOSÉ DO INHACORÁ,Rio Grande
SÃO JOSÉ DO NORTE,Rio Grande
SÃO JOSÉ DO OURO,Rio Grande
SÃO JOSÉ DO SUL,Rio Grande
SÃO JOSÉ DOS AUSENTES,Rio Grande
SÃO LEOPOLDO,Rio Grande
SÃO LOURENÇO DO SUL,Rio Grande
SÃO LUIZ GONZAGA,Rio Grande
SÃO MARCOS,Rio Grande
SÃO MARTINHO,Rio Grande
SÃO MARTINHO DA SERRA,Rio Grande
SÃO MIGUEL DAS MISSÕES,Rio Grande
SÃO NICOLAU,Rio Grande
SÃO PAULO DAS MISSÕES,Rio Grande
SÃO PEDRO DA SERRA,Rio Grande
SÃO PEDRO DAS MISSÕES,Rio Grande
SÃO PEDRO DO BUTIÁ,Rio Grande
SÃO PEDRO DO SUL,Rio Grande
SÃO SEBASTIÃO DO CAÍ,Rio Grande
SÃO SEPÉ,Rio Grande
SÃO VALENTIM,Rio Grande
SÃO VALENTIM DO SUL,Rio Grande
SÃO VALÉRIO DO SUL,Rio Grande
SÃO VENDELINO,Rio Grande
SÃO VICENTE DO SUL,Rio Grande
SAPIRANGA,Rio Grande
SAPUCAIA DO SUL,Rio Grande
SARANDI,Rio Grande
SEBERI,Rio Grande
SEDE NOVA,Rio Grande
SEGREDO,Rio Grande
SELBACH,Rio Grande
SENADOR SALGADO FILHO,Rio Grande
SENTINELA DO SUL,Rio Grande
SERAFINA CORRÊA,Rio Grande
SÉRIO,Rio Grande
SERTÃO,Rio Grande
SERTÃO SANTANA,Rio Grande
SETE DE SETEMBRO,Rio Grande
SEVERIANO DE ALMEIDA,Rio Grande
SILVEIRA MARTINS,Rio Grande
SINIMBU,Rio Grande
SOBRADINHO,Rio Grande
SOLEDADE,Rio Grande
TABAÍ,Rio Grande
TAPEJARA,Rio Grande
TAPERA,Rio Grande
TAPES,Rio Grande
TAQUARA,Rio Grande
TAQUARI,Rio Grande
TAQUARUÇU DO SUL,Rio Grande
TAVARES,Rio Grande
TENENTE PORTELA,Rio Grande
TERRA DE AREIA,Rio Grande
TEUTÔNIA,Rio Grande
TIO HUGO,Rio Grande
TIRADENTES DO SUL,Rio Grande
TOROPI,Rio Grande
TORRES,Rio Grande
TRAMANDAÍ,Rio Grande
TRAVESSEIRO,Rio Grande
TRÊS ARROIOS,Rio Grande
TRÊS CACHOEIRAS,Rio Grande
TRÊS COROAS,Rio Grande
TRÊS DE MAIO,Rio Grande
TRÊS FORQUILHAS,Rio Grande
TRÊS PALMEIRAS,Rio Grande
TRÊS PASSOS,Rio Grande
TRINDADE DO SUL,Rio Grande
TRIUNFO,Rio Grande
TUCUNDUVA,Rio Grande
TUNAS,Rio Grande
TUPANCI DO SUL,Rio Grande
TUPANCIRETÃ,Rio Grande
TUPANDI,Rio Grande
TUPARENDI,Rio Grande
TURUÇU,Rio Grande
UBIRETAMA,Rio Grande
UNIÃO DA SERRA,Rio Grande
UNISTALDA,Rio Grande
URUGUAIANA,Rio Grande
VACARIA,Rio Grande
VALE VERDE,Rio Grande
VALE DO SOL,Rio Grande
VALE REAL,Rio Grande
VANINI,Rio Grande
VENÂNCIO AIRES,Rio Grande
VERA CRUZ,Rio Grande
VERANÓPOLIS,Rio Grande
VESPASIANO CORRÊA,Rio Grande
VIADUTOS,Rio Grande
VIAMÃO,Rio Grande
VICENTE DUTRA,Rio Grande
VICTOR GRAEFF,Rio Grande
VILA FLORES,Rio Grande
VILA LÂNGARO,Rio Grande
VILA MARIA,Rio Grande
VILA NOVA DO SUL,Rio Grande
VISTA ALEGRE,Rio Grande
VISTA ALEGRE DO PRATA,Rio Grande
VISTA GAÚCHA,Rio Grande
VITÓRIA DAS MISSÕES,Rio Grande
WESTFÁLIA,Rio Grande
XANGRI-LÁ,Rio Grande
ÁGUA CLARA,Mato Gross
ALCINÓPOLIS,Mato Gross
AMAMBAI,Mato Gross
ANASTÁCIO,Mato Gross
ANAURILÂNDIA,Mato Gross
ANGÉLICA,Mato Gross
ANTÔNIO JOÃO,Mato Gross
APARECIDA DO TABOADO,Mato Gross
AQUIDAUANA,Mato Gross
ARAL MOREIRA,Mato Gross
BANDEIRANTES,Mato Gross
BATAGUASSU,Mato Gross
BATAYPORÃ,Mato Gross
BELA VISTA,Mato Gross
BODOQUENA,Mato Gross
BONITO,Mato Gross
BRASILÂNDIA,Mato Gross
CAARAPÓ,Mato Gross
CAMAPUÃ,Mato Gross
CAMPO GRANDE,Mato Gross
CARACOL,Mato Gross
CASSILÂNDIA,Mato Gross
CHAPADÃO DO SUL,Mato Gross
CORGUINHO,Mato Gross
CORONEL SAPUCAIA,Mato Gross
CORUMBÁ,Mato Gross
COSTA RICA,Mato Gross
COXIM,Mato Gross
DEODÁPOLIS,Mato Gross
DOIS IRMÃOS DO BURITI,Mato Gross
DOURADINA,Mato Gross
DOURADOS,Mato Gross
ELDORADO,Mato Gross
FÁTIMA DO SUL,Mato Gross
FIGUEIRÃO,Mato Gross
GLÓRIA DE DOURADOS,Mato Gross
GUIA LOPES DA LAGUNA,Mato Gross
IGUATEMI,Mato Gross
INOCÊNCIA,Mato Gross
ITAPORÃ,Mato Gross
ITAQUIRAÍ,Mato Gross
IVINHEMA,Mato Gross
JAPORÃ,Mato Gross
JARAGUARI,Mato Gross
JARDIM,Mato Gross
JATEÍ,Mato Gross
JUTI,Mato Gross
LADÁRIO,Mato Gross
LAGUNA CARAPÃ,Mato Gross
MARACAJU,Mato Gross
MIRANDA,Mato Gross
MUNDO NOVO,Mato Gross
NAVIRAÍ,Mato Gross
NIOAQUE,Mato Gross
NOVA ALVORADA DO SUL,Mato Gross
NOVA ANDRADINA,Mato Gross
NOVO HORIZONTE DO SUL,Mato Gross
PARAÍSO DAS ÁGUAS,Mato Gross
PARANAÍBA,Mato Gross
PARANHOS,Mato Gross
PEDRO GOMES,Mato Gross
PONTA PORÃ,Mato Gross
PORTO MURTINHO,Mato Gross
RIBAS DO RIO PARDO,Mato Gross
RIO BRILHANTE,Mato Gross
RIO NEGRO,Mato Gross
RIO VERDE DE MATO GROSSO,Mato Gross
ROCHEDO,Mato Gross
SANTA RITA DO PARDO,Mato Gross
SÃO GABRIEL DO OESTE,Mato Gross
SETE QUEDAS,Mato Gross
SELVÍRIA,Mato Gross
SIDROLÂNDIA,Mato Gross
SONORA,Mato Gross
TACURU,Mato Gross
TAQUARUSSU,Mato Gross
TERENOS,Mato Gross
TRÊS LAGOAS,Mato Gross
VICENTINA,Mato Gross
ACORIZAL,Mato Gross
ÁGUA BOA,Mato Gross
ALTA FLORESTA,Mato Gross
ALTO ARAGUAIA,Mato Gross
ALTO BOA VISTA,Mato Gross
ALTO GARÇAS,Mato Gross
ALTO PARAGUAI,Mato Gross
ALTO TAQUARI,Mato Gross
APIACÁS,Mato Gross
ARAGUAIANA,Mato Gross
ARAGUAINHA,Mato Gross
ARAPUTANGA,Mato Gross
ARENÁPOLIS,Mato Gross
ARIPUANÃ,Mato Gross
BARÃO DE MELGAÇO,Mato Gross
BARRA DO BUGRES,Mato Gross
BARRA DO GARÇAS,Mato Gross
BOM JESUS DO ARAGUAIA,Mato Gross
BRASNORTE,Mato Gross
CÁCERES,Mato Gross
CAMPINÁPOLIS,Mato Gross
CAMPO NOVO DO PARECIS,Mato Gross
CAMPO VERDE,Mato Gross
CAMPOS DE JÚLIO,Mato Gross
CANABRAVA DO NORTE,Mato Gross
CANARANA,Mato Gross
CARLINDA,Mato Gross
CASTANHEIRA,Mato Gross
CHAPADA DOS GUIMARÃES,Mato Gross
CLÁUDIA,Mato Gross
COCALINHO,Mato Gross
COLÍDER,Mato Gross
COLNIZA,Mato Gross
COMODORO,Mato Gross
CONFRESA,Mato Gross
CONQUISTA D'OESTE,Mato Gross
COTRIGUAÇU,Mato Gross
CUIABÁ,Mato Gross
CURVELÂNDIA,Mato Gross
DENISE,Mato Gross
DIAMANTINO,Mato Gross
DOM AQUINO,Mato Gross
FELIZ NATAL,Mato Gross
FIGUEIRÓPOLIS D'OESTE,Mato Gross
GAÚCHA DO NORTE,Mato Gross
GENERAL CARNEIRO,Mato Gross
GLÓRIA D'OESTE,Mato Gross
GUARANTÃ DO NORTE,Mato Gross
GUIRATINGA,Mato Gross
INDIAVAÍ,Mato Gross
IPIRANGA DO NORTE,Mato Gross
ITANHANGÁ,Mato Gross
ITAÚBA,Mato Gross
ITIQUIRA,Mato Gross
JACIARA,Mato Gross
JANGADA,Mato Gross
JAURU,Mato Gross
JUARA,Mato Gross
JUÍNA,Mato Gross
JURUENA,Mato Gross
JUSCIMEIRA,Mato Gross
LAMBARI D'OESTE,Mato Gross
LUCAS DO RIO VERDE,Mato Gross
LUCIARA,Mato Gross
VILA BELA DA SANTÍSSIMA TRINDADE,Mato Gross
MARCELÂNDIA,Mato Gross
MATUPÁ,Mato Gross
MIRASSOL D'OESTE,Mato Gross
NOBRES,Mato Gross
NORTELÂNDIA,Mato Gross
NOSSA SENHORA DO LIVRAMENTO,Mato Gross
NOVA BANDEIRANTES,Mato Gross
NOVA NAZARÉ,Mato Gross
NOVA LACERDA,Mato Gross
NOVA SANTA HELENA,Mato Gross
NOVA BRASILÂNDIA,Mato Gross
NOVA CANAÃ DO NORTE,Mato Gross
NOVA MUTUM,Mato Gross
NOVA OLÍMPIA,Mato Gross
NOVA UBIRATÃ,Mato Gross
NOVA XAVANTINA,Mato Gross
NOVO MUNDO,Mato Gross
NOVO HORIZONTE DO NORTE,Mato Gross
NOVO SÃO JOAQUIM,Mato Gross
PARANAÍTA,Mato Gross
PARANATINGA,Mato Gross
NOVO SANTO ANTÔNIO,Mato Gross
PEDRA PRETA,Mato Gross
PEIXOTO DE AZEVEDO,Mato Gross
PLANALTO DA SERRA,Mato Gross
POCONÉ,Mato Gross
PONTAL DO ARAGUAIA,Mato Gross
PONTE BRANCA,Mato Gross
PONTES E LACERDA,Mato Gross
PORTO ALEGRE DO NORTE,Mato Gross
PORTO DOS GAÚCHOS,Mato Gross
PORTO ESPERIDIÃO,Mato Gross
PORTO ESTRELA,Mato Gross
POXORÉU,Mato Gross
PRIMAVERA DO LESTE,Mato Gross
QUERÊNCIA,Mato Gross
SÃO JOSÉ DOS QUATRO MARCOS,Mato Gross
RESERVA DO CABAÇAL,Mato Gross
RIBEIRÃO CASCALHEIRA,Mato Gross
RIBEIRÃOZINHO,Mato Gross
RIO BRANCO,Mato Gross
SANTA CARMEM,Mato Gross
SANTO AFONSO,Mato Gross
SÃO JOSÉ DO POVO,Mato Gross
SÃO JOSÉ DO RIO CLARO,Mato Gross
SÃO JOSÉ DO XINGU,Mato Gross
SÃO PEDRO DA CIPA,Mato Gross
RONDOLÂNDIA,Mato Gross
RONDONÓPOLIS,Mato Gross
ROSÁRIO OESTE,Mato Gross
SANTA CRUZ DO XINGU,Mato Gross
SALTO DO CÉU,Mato Gross
SANTA RITA DO TRIVELATO,Mato Gross
SANTA TEREZINHA,Mato Gross
SANTO ANTÔNIO DO LESTE,Mato Gross
SANTO ANTÔNIO DO LEVERGER,Mato Gross
SÃO FÉLIX DO ARAGUAIA,Mato Gross
SAPEZAL,Mato Gross
SERRA NOVA DOURADA,Mato Gross
SINOP,Mato Gross
SORRISO,Mato Gross
TABAPORÃ,Mato Gross
TANGARÁ DA SERRA,Mato Gross
TAPURAH,Mato Gross
TERRA NOVA DO NORTE,Mato Gross
TESOURO,Mato Gross
TORIXORÉU,Mato Gross
UNIÃO DO SUL,Mato Gross
VALE DE SÃO DOMINGOS,Mato Gross
VÁRZEA GRANDE,Mato Gross
VERA,Mato Gross
VILA RICA,Mato Gross
NOVA GUARITA,Mato Gross
NOVA MARILÂNDIA,Mato Gross
NOVA MARINGÁ,Mato Gross
NOVA MONTE VERDE,Mato Gross
ABADIA DE GOIÁS,Goiás
ABADIÂNIA,Goiás
ACREÚNA,Goiás
ADELÂNDIA,Goiás
ÁGUA FRIA DE GOIÁS,Goiás
ÁGUA LIMPA,Goiás
ÁGUAS LINDAS DE GOIÁS,Goiás
ALEXÂNIA,Goiás
ALOÂNDIA,Goiás
ALTO HORIZONTE,Goiás
ALTO PARAÍSO DE GOIÁS,Goiás
ALVORADA DO NORTE,Goiás
AMARALINA,Goiás
AMERICANO DO BRASIL,Goiás
AMORINÓPOLIS,Goiás
ANÁPOLIS,Goiás
ANHANGUERA,Goiás
ANICUNS,Goiás
APARECIDA DE GOIÂNIA,Goiás
APARECIDA DO RIO DOCE,Goiás
APORÉ,Goiás
ARAÇU,Goiás
ARAGARÇAS,Goiás
ARAGOIÂNIA,Goiás
ARAGUAPAZ,Goiás
ARENÓPOLIS,Goiás
ARUANÃ,Goiás
AURILÂNDIA,Goiás
AVELINÓPOLIS,Goiás
BALIZA,Goiás
BARRO ALTO,Goiás
BELA VISTA DE GOIÁS,Goiás
BOM JARDIM DE GOIÁS,Goiás
BOM JESUS DE GOIÁS,Goiás
BONFINÓPOLIS,Goiás
BONÓPOLIS,Goiás
BRAZABRANTES,Goiás
BRITÂNIA,Goiás
BURITI ALEGRE,Goiás
BURITI DE GOIÁS,Goiás
BURITINÓPOLIS,Goiás
CABECEIRAS,Goiás
CACHOEIRA ALTA,Goiás
CACHOEIRA DE GOIÁS,Goiás
CACHOEIRA DOURADA,Goiás
CAÇU,Goiás
CAIAPÔNIA,Goiás
CALDAS NOVAS,Goiás
CALDAZINHA,Goiás
CAMPESTRE DE GOIÁS,Goiás
CAMPINAÇU,Goiás
CAMPINORTE,Goiás
CAMPO ALEGRE DE GOIÁS,Goiás
CAMPO LIMPO DE GOIÁS,Goiás
CAMPOS BELOS,Goiás
CAMPOS VERDES,Goiás
CARMO DO RIO VERDE,Goiás
CASTELÂNDIA,Goiás
CATALÃO,Goiás
CATURAÍ,Goiás
CAVALCANTE,Goiás
CERES,Goiás
CEZARINA,Goiás
CHAPADÃO DO CÉU,Goiás
CIDADE OCIDENTAL,Goiás
COCALZINHO DE GOIÁS,Goiás
COLINAS DO SUL,Goiás
CÓRREGO DO OURO,Goiás
CORUMBÁ DE GOIÁS,Goiás
CORUMBAÍBA,Goiás
CRISTALINA,Goiás
CRISTIANÓPOLIS,Goiás
CRIXÁS,Goiás
CROMÍNIA,Goiás
CUMARI,Goiás
DAMIANÓPOLIS,Goiás
DAMOLÂNDIA,Goiás
DAVINÓPOLIS,Goiás
DIORAMA,Goiás
DOVERLÂNDIA,Goiás
EDEALINA,Goiás
EDÉIA,Goiás
ESTRELA DO NORTE,Goiás
FAINA,Goiás
FAZENDA NOVA,Goiás
FIRMINÓPOLIS,Goiás
FLORES DE GOIÁS,Goiás
FORMOSA,Goiás
FORMOSO,Goiás
GAMELEIRA DE GOIÁS,Goiás
DIVINÓPOLIS DE GOIÁS,Goiás
GOIANÁPOLIS,Goiás
GOIANDIRA,Goiás
GOIANÉSIA,Goiás
GOIÂNIA,Goiás
GOIANIRA,Goiás
GOIÁS,Goiás
GOIATUBA,Goiás
GOUVELÂNDIA,Goiás
GUAPÓ,Goiás
GUARAÍTA,Goiás
GUARANI DE GOIÁS,Goiás
GUARINOS,Goiás
HEITORAÍ,Goiás
HIDROLÂNDIA,Goiás
HIDROLINA,Goiás
IACIARA,Goiás
INACIOLÂNDIA,Goiás
INDIARA,Goiás
INHUMAS,Goiás
IPAMERI,Goiás
IPIRANGA DE GOIÁS,Goiás
IPORÁ,Goiás
ISRAELÂNDIA,Goiás
ITABERAÍ,Goiás
ITAGUARI,Goiás
ITAGUARU,Goiás
ITAJÁ,Goiás
ITAPACI,Goiás
ITAPIRAPUÃ,Goiás
ITAPURANGA,Goiás
ITARUMÃ,Goiás
ITAUÇU,Goiás
ITUMBIARA,Goiás
IVOLÂNDIA,Goiás
JANDAIA,Goiás
JARAGUÁ,Goiás
JATAÍ,Goiás
JAUPACI,Goiás
JESÚPOLIS,Goiás
JOVIÂNIA,Goiás
JUSSARA,Goiás
LAGOA SANTA,Goiás
LEOPOLDO DE BULHÕES,Goiás
LUZIÂNIA,Goiás
MAIRIPOTABA,Goiás
MAMBAÍ,Goiás
MARA ROSA,Goiás
MARZAGÃO,Goiás
MATRINCHÃ,Goiás
MAURILÂNDIA,Goiás
MIMOSO DE GOIÁS,Goiás
MINAÇU,Goiás
MINEIROS,Goiás
MOIPORÁ,Goiás
MONTE ALEGRE DE GOIÁS,Goiás
MONTES CLAROS DE GOIÁS,Goiás
MONTIVIDIU,Goiás
MONTIVIDIU DO NORTE,Goiás
MORRINHOS,Goiás
MORRO AGUDO DE GOIÁS,Goiás
MOSSÂMEDES,Goiás
MOZARLÂNDIA,Goiás
MUNDO NOVO,Goiás
MUTUNÓPOLIS,Goiás
NAZÁRIO,Goiás
NERÓPOLIS,Goiás
NIQUELÂNDIA,Goiás
NOVA AMÉRICA,Goiás
NOVA AURORA,Goiás
NOVA CRIXÁS,Goiás
NOVA GLÓRIA,Goiás
NOVA IGUAÇU DE GOIÁS,Goiás
NOVA ROMA,Goiás
NOVA VENEZA,Goiás
NOVO BRASIL,Goiás
NOVO GAMA,Goiás
NOVO PLANALTO,Goiás
ORIZONA,Goiás
OURO VERDE DE GOIÁS,Goiás
OUVIDOR,Goiás
PADRE BERNARDO,Goiás
PALESTINA DE GOIÁS,Goiás
PALMEIRAS DE GOIÁS,Goiás
PALMELO,Goiás
PALMINÓPOLIS,Goiás
PANAMÁ,Goiás
PARANAIGUARA,Goiás
PARAÚNA,Goiás
PEROLÂNDIA,Goiás
PETROLINA DE GOIÁS,Goiás
PILAR DE GOIÁS,Goiás
PIRACANJUBA,Goiás
PIRANHAS,Goiás
PIRENÓPOLIS,Goiás
PIRES DO RIO,Goiás
PLANALTINA,Goiás
PONTALINA,Goiás
PORANGATU,Goiás
PORTEIRÃO,Goiás
PORTELÂNDIA,Goiás
POSSE,Goiás
PROFESSOR JAMIL,Goiás
QUIRINÓPOLIS,Goiás
RIALMA,Goiás
RIANÁPOLIS,Goiás
RIO QUENTE,Goiás
RIO VERDE,Goiás
RUBIATABA,Goiás
SANCLERLÂNDIA,Goiás
SANTA BÁRBARA DE GOIÁS,Goiás
SANTA CRUZ DE GOIÁS,Goiás
SANTA FÉ DE GOIÁS,Goiás
SANTA HELENA DE GOIÁS,Goiás
SANTA ISABEL,Goiás
SANTA RITA DO ARAGUAIA,Goiás
SANTA RITA DO NOVO DESTINO,Goiás
SANTA ROSA DE GOIÁS,Goiás
SANTA TEREZA DE GOIÁS,Goiás
SANTA TEREZINHA DE GOIÁS,Goiás
SANTO ANTÔNIO DA BARRA,Goiás
SANTO ANTÔNIO DE GOIÁS,Goiás
SANTO ANTÔNIO DO DESCOBERTO,Goiás
SÃO DOMINGOS,Goiás
SÃO FRANCISCO DE GOIÁS,Goiás
SÃO JOÃO D'ALIANÇA,Goiás
SÃO JOÃO DA PARAÚNA,Goiás
SÃO LUÍS DE MONTES BELOS,Goiás
SÃO LUIZ DO NORTE,Goiás
SÃO MIGUEL DO ARAGUAIA,Goiás
SÃO MIGUEL DO PASSA QUATRO,Goiás
SÃO PATRÍCIO,Goiás
SÃO SIMÃO,Goiás
SENADOR CANEDO,Goiás
SERRANÓPOLIS,Goiás
SILVÂNIA,Goiás
SIMOLÂNDIA,Goiás
SÍTIO D'ABADIA,Goiás
TAQUARAL DE GOIÁS,Goiás
TERESINA DE GOIÁS,Goiás
TEREZÓPOLIS DE GOIÁS,Goiás
TRÊS RANCHOS,Goiás
TRINDADE,Goiás
TROMBAS,Goiás
TURVÂNIA,Goiás
TURVELÂNDIA,Goiás
UIRAPURU,Goiás
URUAÇU,Goiás
URUANA,Goiás
URUTAÍ,Goiás
VALPARAÍSO DE GOIÁS,Goiás
VARJÃO,Goiás
VIANÓPOLIS,Goiás
VICENTINÓPOLIS,Goiás
VILA BOA,Goiás
VILA PROPÍCIO,Goiás
BRASÍLIA,Distrito F
